1,680,456
713,280
560,864
261,364
445,630
470,813
507,188
608,597
545,308
842,018
16,825,675
15,026,202
1,737,912
2,016,162
2,198,775
1,826,992
1,873,650
1,177,847
2,208,028
2,011,502
1,137,202
1,508,077
986,083
1,629,973
2,188,591
1,804,227
978,434
1,937,703
1,786,256
1,706,400
1,407,437
1,586,520
1,036,478
535,091
1,977,969
1,312,072
265,921
146,894
114,990
202,113
126,126
292,051
1,590,573
1,652,045
1,678,632
1,643,464
1,647,744
1,688,173
1,647,388
1,648,379
1,620,054
1,637,112
1,642,802
1,644,312
1,640,744
1,635,323
1,642,076
1,635,382
2,176,850
1,633,681
1,634,088
1,081,439
2,039,421
1,781,101
1,847,522
1,757,639
1,638,958
1,646,707
1,642,126
1,643,168
1,639,591
1,643,800
1,639,958
1,636,474
1,641,087
1,642,550
1,623,763
1,639,516
1,630,768
1,628,565
1,629,963
1,630,788
1,630,119
1,627,199
1,631,199
1,746,158
1,627,821
1,625,602
1,548,807
1,592,181
1,626,507
1,619,907
1,624,639
1,624,422
1,620,554
1,628,882
1,630,612
1,626,490
1,628,522
1,624,862
1,585,335
687,536
1,577,815
1,638,195
1,636,509
1,508,962
1,629,989
1,628,757
1,630,497
1,633,019
1,633,915
1,624,012
1,628,083
1,628,291
1,628,885
1,626,751
1,626,016
1,630,211
1,620,557
1,625,293
1,629,910
1,630,060
1,627,251
1,620,272
1,608,989
1,619,335
1,284,839
1,601,369
1,095,312
1,624,385
1,623,833
1,617,948
1,618,360
1,623,284
1,616,416
1,622,338
1,587,723
1,613,566
1,592,335
1,611,314
1,592,893
690,076
1,681,750
1,591,834
1,625,787
1,629,503
1,613,702
1,578,665
1,631,220
1,618,582
1,625,493
1,712,243
1,726,821
1,731,616
2,231,508
2,055,280
1,828,871
1,730,431
1,725,394
1,732,094
2,235,611
2,054,890
1,832,254
1,728,409
1,726,865
1,737,407
2,238,858
2,054,585
1,831,120
1,729,597
1,722,626
1,732,628
1,838,787
2,433,078
1,830,441
1,735,929
1,729,214
1,751,556
1,699,765
2,588,588
1,716,819
1,837,997
1,724,519
1,741,379
1,691,969
2,590,511
1,729,406
1,825,816
1,728,328
1,748,438
1,693,065
2,587,595
1,717,642
1,841,512
1,727,328
1,748,411
1,695,993
2,586,343
1,720,124
1,838,344
1,728,042
1,744,373
1,689,568
2,584,308
1,713,685
1,842,207
1,729,074
1,746,717
1,690,859
2,582,213
1,713,160
1,834,993
1,728,170
1,745,176
1,699,774
2,576,947
1,723,741
1,835,431
1,731,044
1,745,668
1,697,102
2,576,754
1,725,393
1,832,395
1,725,775
1,743,816
1,696,866
2,575,378
1,727,174
1,834,512
1,731,454
1,740,285
1,695,115
1,658,205
1,617,625
1,753,617
1,712,583
2,595,890
1,803,175
1,787,781
1,708,545
1,686,894
1,735,930
1,738,737
2,586,191
1,722,540
1,858,712
1,680,312
1,763,560
1,702,912
2,589,571
1,838,985
1,736,361
1,732,175
1,743,400
2,575,573
1,728,326
1,842,573
1,737,119
1,749,658
1,698,878
2,603,632
1,843,141
1,737,094
1,727,328
1,741,625
2,584,697
1,722,740
1,849,802
1,736,117
1,753,910
2,236,774
2,052,016
1,851,932
1,736,104
1,751,286
1,697,763
2,588,010
1,841,651
1,739,299
1,733,630
1,738,054
2,576,740
1,730,056
1,838,378
1,733,547
1,750,520
1,973,628
2,323,292
1,834,620
1,736,704
1,733,852
1,736,249
2,583,404
1,724,482
1,851,305
1,728,858
1,751,732
2,237,094
2,056,515
1,851,531
1,733,311
1,752,435
1,697,245
2,592,166
1,841,924
1,736,542
1,729,150
1,734,217
2,576,105
1,729,484
1,847,068
1,733,442
1,753,738
2,238,113
2,058,906
1,847,433
1,720,484
1,761,558
1,701,371
2,592,379
1,841,087
1,735,922
1,726,059
1,737,261
2,574,806
1,726,034
1,845,347
1,730,374
1,750,415
1,691,348
2,588,375
1,666,446
767,121
1,704,597
2,589,494
1,736,436
1,847,444
1,735,987
1,756,754
1,691,332
1,716,830
2,590,825
1,730,080
1,861,022
1,720,108
1,747,949
2,581,637
1,729,805
1,851,778
1,738,121
1,756,009
1,908,121
2,350,825
1,727,683
1,849,211
1,730,736
1,750,502
2,246,299
2,062,152
1,848,507
1,738,136
1,751,991
1,695,085
2,608,115
1,841,255
1,738,851
1,733,882
1,732,903
2,587,986
1,847,000
1,739,551
1,732,208
1,741,445
2,580,502
1,731,508
1,843,640
1,734,711
1,750,382
2,239,442
2,059,197
1,847,732
1,733,122
1,749,531
1,698,015
2,595,821
1,843,261
1,735,518
1,727,708
1,741,650
2,589,584
1,842,295
1,744,001
1,733,385
1,743,750
2,579,457
1,728,971
1,845,032
1,733,476
1,753,067
2,239,830
2,059,129
1,845,354
1,731,576
1,762,038
1,696,589
2,589,087
1,841,208
1,736,408
1,731,183
1,739,897
2,583,336
1,730,103
1,848,973
1,733,065
1,756,621
2,502,913
1,797,027
1,846,346
1,736,634
1,748,982
2,024,741
2,266,195
1,838,365
1,734,819
1,764,323
1,704,438
2,590,367
1,842,384
1,744,640
1,732,663
1,738,878
2,581,674
1,728,520
1,851,633
1,732,177
1,751,893
2,490,297
1,811,693
1,851,178
1,739,035
1,752,234
1,701,891
2,605,915
1,835,113
1,738,406
1,759,291
1,708,955
2,582,069
1,840,102
1,739,340
1,730,071
1,736,067
2,575,431
1,733,964
1,845,431
1,735,391
1,754,215
2,241,214
2,055,578
1,853,302
1,736,097
1,751,483
1,699,427
2,594,464
1,843,172
1,736,011
1,727,892
1,738,133
2,589,108
1,839,511
1,740,724
1,734,440
1,737,288
2,577,886
1,728,007
1,845,773
1,733,807
1,750,039
2,239,759
2,054,544
1,850,290
1,729,977
1,751,854
1,701,778
2,593,235
1,843,231
1,732,553
1,728,039
1,742,016
2,585,438
1,723,080
1,843,011
1,730,509
1,748,539
2,572,860
1,724,032
1,848,679
1,736,927
1,753,463
2,237,094
2,067,898
1,844,082
1,723,610
1,761,567
1,702,010
2,586,430
1,842,752
1,736,499
1,731,696
1,739,086
2,574,696
1,726,650
1,846,736
1,732,156
1,746,875
2,422,905
1,870,243
1,809,936
1,524,872
1,719,282
1,857,209
1,731,308
1,753,660
2,577,929
1,726,159
1,842,384
1,734,538
1,753,222
2,235,252
2,068,340
1,853,568
1,736,531
1,750,343
1,696,116
2,588,220
1,844,526
1,739,440
1,730,963
1,741,706
2,591,274
1,720,719
1,859,847
1,734,547
1,741,143
2,577,713
1,728,894
1,842,263
1,741,340
1,754,615
2,238,730
2,066,697
1,845,968
1,731,292
1,765,313
1,701,578
2,594,352
1,845,406
1,737,807
1,730,485
1,734,999
2,576,934
1,729,269
1,848,971
1,733,764
1,752,121
2,578,469
1,727,785
1,840,454
1,733,219
1,754,747
2,234,808
2,064,239
1,840,764
1,742,081
1,766,449
1,714,224
2,593,422
1,844,976
1,740,519
1,732,169
1,742,610
2,581,827
1,730,572
1,851,707
1,733,377
1,755,036
2,448,157
1,856,810
1,853,530
1,738,930
1,758,774
1,779,312
2,535,314
1,842,972
1,744,052
1,769,302
1,703,079
2,596,833
1,847,409
1,741,441
1,730,055
1,738,608
2,579,850
1,731,835
1,849,902
1,730,424
1,753,688
2,239,866
2,055,842
1,848,368
1,736,917
1,756,954
1,701,432
2,608,415
1,835,638
1,736,789
1,766,611
1,705,492
2,592,366
1,840,703
1,736,065
1,728,430
1,741,992
2,582,057
1,726,100
1,844,468
1,737,400
1,754,692
2,576,898
1,726,774
1,849,539
1,735,913
1,754,279
1,973,209
2,332,221
1,837,415
1,738,416
1,762,259
1,704,163
2,587,420
1,841,961
1,736,309
1,732,128
1,741,847
2,583,286
1,724,319
1,846,719
1,731,321
1,755,554
2,574,203
1,724,230
1,850,940
1,736,787
1,753,783
1,772,504
2,532,080
1,838,293
1,739,902
1,764,217
1,696,626
2,588,861
1,837,056
1,742,582
1,731,934
1,739,335
2,580,985
1,731,624
1,848,809
1,735,013
1,755,415
2,504,755
1,793,515
1,855,191
1,734,902
1,750,256
2,249,525
2,058,765
1,855,361
1,735,494
1,751,501
1,698,042
2,597,178
1,842,604
1,735,433
1,729,938
1,737,805
2,588,571
1,841,424
1,736,014
1,729,768
1,736,724
2,579,212
1,731,983
1,843,314
1,729,204
1,749,432
2,241,254
2,062,739
1,846,415
1,732,491
1,752,620
2,172,869
2,137,126
1,840,214
1,736,101
1,761,299
1,699,163
2,590,305
1,843,738
1,742,640
1,732,597
1,740,057
2,589,619
1,723,643
1,860,557
1,712,422
1,749,877
2,574,244
1,728,866
1,844,377
1,733,266
1,750,095
2,246,351
2,059,000
1,851,455
1,733,628
1,748,770
1,697,317
2,589,604
1,841,476
1,736,119
1,728,241
1,735,768
2,589,491
1,841,773
1,739,236
1,727,255
1,739,734
2,583,855
1,727,260
1,843,910
1,730,809
1,755,717
2,413,270
1,891,616
1,852,392
1,735,898
1,753,143
1,724,231
2,575,804
1,836,356
1,735,773
1,762,482
1,707,892
2,588,755
1,843,293
1,743,667
1,737,999
1,744,282
2,587,691
1,737,514
1,845,591
1,735,241
1,758,032
2,247,833
2,059,573
1,854,835
1,736,361
1,754,996
1,702,598
2,596,127
1,844,406
1,743,599
1,733,928
1,743,641
2,592,152
1,845,423
1,746,471
1,734,130
1,740,346
2,582,299
1,730,626
1,847,175
1,730,169
1,757,839
2,242,222
2,068,558
1,853,750
1,741,463
1,760,874
1,701,177
2,611,993
1,841,022
1,743,710
1,739,940
1,738,741
2,589,817
1,845,054
1,741,063
1,737,483
1,745,418
2,582,339
1,737,628
1,849,761
1,729,948
1,752,293
2,235,591
2,060,718
1,851,440
1,742,735
1,756,654
1,698,786
2,603,959
1,846,382
1,740,909
1,734,946
1,739,464
2,586,601
1,838,326
1,735,117
1,729,000
1,742,528
2,586,075
1,735,735
1,856,860
1,740,857
1,756,541
2,243,970
2,058,102
1,848,894
1,738,015
1,764,126
1,705,568
2,608,880
1,842,513
1,741,269
1,709,452
1,723,485
1,745,444
2,583,800
1,733,741
1,850,552
1,736,488
1,758,853
2,443,658
1,864,393
1,849,956
1,735,984
1,755,025
1,877,212
2,428,363
1,839,692
1,741,177
1,762,653
1,701,899
2,589,910
1,848,791
1,743,857
1,738,122
1,737,179
2,576,188
1,733,315
1,858,918
1,723,155
1,757,894
2,574,369
1,738,315
1,852,500
1,734,421
1,751,356
1,729,991
2,578,504
1,843,030
1,741,854
1,762,024
1,707,625
2,592,319
1,847,857
1,739,746
1,731,245
1,737,053
2,579,331
1,732,272
1,849,498
1,736,851
1,758,382
2,243,729
2,059,575
1,855,625
1,736,177
1,751,836
1,695,703
2,597,347
1,837,243
1,735,976
1,763,457
1,705,773
2,589,775
1,850,043
1,742,850
1,731,498
1,741,210
2,581,830
1,730,661
1,851,666
1,737,729
1,760,579
2,321,396
1,982,098
1,849,179
1,732,272
1,755,665
2,128,482
2,176,105
1,840,042
1,736,720
1,764,781
1,702,563
2,595,465
1,846,040
1,737,413
1,731,628
1,740,482
2,593,289
1,725,874
1,862,334
1,723,834
1,753,225
2,578,607
1,725,515
1,849,969
1,737,470
1,753,687
2,242,756
2,060,821
1,853,138
1,737,114
1,755,721
1,703,803
2,594,825
1,847,230
1,740,192
1,733,483
1,740,677
2,583,206
1,729,214
1,853,020
1,735,559
1,757,148
2,571,060
1,735,156
1,854,861
1,742,493
1,753,810
2,245,501
2,064,736
1,854,968
1,731,847
1,751,067
1,699,114
2,600,028
1,844,427
1,741,488
1,733,846
1,738,867
2,586,956
1,732,302
1,851,539
1,733,829
1,754,399
2,578,842
1,728,949
1,862,651
1,746,199
1,760,083
1,702,689
2,603,585
1,846,945
1,738,682
1,740,106
1,744,434
2,589,539
1,729,577
1,866,641
1,725,945
1,756,381
2,464,627
1,848,807
1,853,960
1,738,247
1,759,003
1,706,921
2,606,141
1,842,131
1,741,549
1,738,161
1,744,401
2,596,275
1,843,516
1,743,438
1,735,309
1,742,790
2,584,386
1,732,781
1,844,482
1,733,902
1,768,705
2,254,926
2,068,780
1,855,546
1,740,162
1,759,247
1,710,320
2,596,715
1,846,912
1,737,659
1,731,924
1,744,559
2,585,397
1,730,950
1,856,445
1,737,830
1,757,488
2,527,771
1,779,684
1,851,980
1,737,866
1,756,156
2,079,080
2,227,336
1,838,471
1,739,590
1,767,198
1,705,856
2,594,645
1,846,469
1,744,972
1,733,383
1,743,661
2,577,510
1,729,391
1,847,533
1,736,710
1,754,919
2,317,296
1,988,256
1,858,073
1,737,220
1,757,437
1,699,796
2,613,218
1,840,746
1,743,195
1,767,098
1,708,749
2,591,468
1,846,664
1,743,836
1,737,854
1,744,750
2,587,558
1,734,225
1,853,271
1,738,393
1,762,889
2,249,330
2,063,694
1,855,042
1,736,190
1,757,276
1,707,808
2,606,055
1,843,667
1,742,627
1,737,259
1,745,758
2,599,347
1,728,197
1,865,821
1,728,500
1,755,127
2,583,309
1,735,555
1,853,806
1,739,927
1,757,863
1,875,748
2,440,026
1,850,556
1,742,947
1,771,954
1,711,186
2,596,956
1,847,971
1,742,037
1,734,343
1,744,181
2,586,177
1,735,056
1,848,529
1,738,412
1,759,338
2,244,023
2,065,589
1,855,792
1,743,847
1,757,734
1,704,118
2,606,098
1,849,572
1,748,674
1,740,335
1,748,496
2,591,157
1,788,648
1,813,245
1,735,685
1,746,789
2,580,415
1,736,642
1,849,574
1,738,874
1,754,968
2,249,722
2,052,870
1,851,017
1,739,701
1,762,149
1,699,985
2,599,470
1,848,470
1,742,124
1,735,232
1,745,113
2,581,225
1,731,719
1,855,299
1,742,921
1,761,584
2,245,496
2,064,157
1,855,125
1,748,404
1,762,767
1,706,780
2,602,386
1,849,052
1,740,895
1,736,225
1,745,533
2,585,892
1,733,743
1,859,862
1,721,954
1,731,828
1,713,472
2,597,299
1,846,157
1,743,072
1,734,335
1,745,470
2,586,201
1,730,419
1,848,962
1,738,864
1,762,219
2,249,438
2,066,314
1,852,105
1,741,674
1,761,004
1,704,332
2,598,685
1,847,355
1,741,277
1,733,668
1,746,763
2,587,782
1,848,265
1,745,264
1,717,553
1,758,487
2,564,644
1,748,595
1,864,650
1,745,735
1,761,602
1,705,693
2,609,883
1,839,027
1,743,649
1,740,938
1,742,365
2,594,644
1,851,450
1,746,806
1,741,507
1,755,373
2,588,044
1,735,359
1,852,696
1,735,313
1,758,814
2,240,110
2,066,548
1,856,694
1,742,824
1,755,940
1,705,893
2,596,969
1,851,832
1,744,221
1,734,921
1,742,884
2,585,280
1,736,662
1,850,987
1,737,224
1,757,531
2,453,250
1,862,909
1,858,408
1,740,954
1,761,509
1,699,989
2,612,146
1,842,905
1,743,207
1,771,208
1,706,724
2,601,217
1,844,660
1,746,193
1,734,454
1,748,291
2,584,598
1,733,484
1,846,825
1,737,957
1,755,581
2,246,073
2,064,366
1,853,408
1,740,832
1,763,424
1,706,907
2,613,123
1,841,735
1,736,240
1,729,564
1,741,474
2,588,593
1,847,974
1,743,427
1,730,555
1,745,100
2,583,837
1,737,983
1,845,358
1,734,668
1,754,008
2,246,629
2,063,003
1,854,819
1,745,444
1,757,911
1,706,250
2,599,597
1,848,386
1,742,934
1,734,499
1,744,694
2,585,323
1,848,657
1,749,150
1,739,969
1,744,697
2,583,290
1,735,528
1,846,856
1,739,503
1,761,689
2,248,377
2,061,893
1,859,039
1,744,991
1,756,123
1,711,672
2,588,437
1,845,831
1,746,240
1,742,338
1,744,639
2,587,158
1,734,107
1,854,303
1,734,190
1,757,425
2,537,319
1,785,015
1,853,644
1,742,376
1,757,362
1,785,570
2,534,697
1,841,090
1,741,760
1,734,977
1,739,291
2,594,046
1,848,453
1,740,137
1,738,035
1,746,175
2,581,869
1,737,961
1,850,897
1,734,762
1,759,686
2,248,954
2,063,643
1,859,144
1,745,335
1,758,520
1,702,750
2,600,183
1,849,265
1,741,301
1,733,754
1,747,507
2,587,462
1,845,900
1,744,792
1,740,156
1,744,778
2,577,493
1,737,152
1,847,412
1,741,807
1,756,975
2,244,581
2,062,098
1,857,293
1,738,871
1,757,942
1,705,358
2,595,515
1,850,690
1,744,811
1,738,989
1,746,348
2,585,259
1,732,970
1,852,461
1,737,233
1,753,303
2,579,543
1,731,339
1,853,769
1,742,664
1,756,134
2,240,365
2,069,738
1,855,308
1,740,091
1,758,642
1,701,499
2,595,309
1,846,604
1,745,457
1,734,351
1,742,235
2,589,685
1,733,356
1,852,832
1,731,392
1,755,584
2,582,585
1,731,836
1,860,123
1,741,572
1,758,230
1,999,389
2,309,292
1,846,953
1,740,432
1,766,262
1,708,816
2,589,557
1,848,887
1,747,199
1,739,557
1,744,924
2,586,442
1,732,750
1,853,658
1,730,941
1,754,324
2,303,418
2,007,861
1,855,044
1,736,813
1,756,736
1,705,114
2,608,589
1,841,884
1,741,585
1,737,196
1,742,062
2,588,895
1,846,124
1,745,824
1,734,567
1,745,912
2,579,795
1,739,117
1,848,356
1,736,845
1,756,656
2,243,872
2,061,510
1,854,003
1,739,962
1,759,794
1,701,241
2,609,189
1,841,004
1,744,285
1,770,965
1,718,063
2,594,671
1,844,886
1,747,146
1,740,080
1,749,303
2,586,684
1,735,134
1,853,013
1,739,188
1,760,176
2,240,715
2,062,671
1,852,567
1,740,617
1,757,956
1,703,015
2,592,904
1,844,905
1,746,445
1,739,431
1,747,612
2,595,286
1,727,311
1,862,301
1,734,284
1,744,773
2,581,213
1,734,105
1,853,685
1,736,242
1,762,562
2,254,531
2,066,775
1,857,023
1,743,048
1,760,355
1,703,487
2,599,158
1,846,474
1,741,675
1,739,314
1,744,827
2,587,220
1,816,474
1,778,879
1,738,774
1,745,031
2,583,620
1,738,586
1,848,743
1,742,163
1,756,712
2,249,771
2,065,862
1,855,793
1,745,831
1,754,999
1,700,569
2,596,475
1,850,017
1,740,077
1,730,579
1,739,537
2,595,017
1,846,102
1,747,315
1,737,627
1,747,671
2,585,154
1,735,284
1,848,103
1,740,434
1,758,678
2,252,074
2,063,791
1,859,470
1,738,306
1,752,874
1,705,376
2,600,771
1,848,570
1,741,399
1,737,725
1,746,483
2,595,968
1,839,999
1,744,617
1,738,812
1,741,707
2,587,465
1,733,156
1,849,560
1,734,045
1,756,955
2,246,836
2,060,818
1,849,726
1,735,492
1,759,093
1,700,734
2,605,417
1,840,880
1,739,671
1,737,008
1,748,998
2,593,628
1,849,994
1,745,405
1,734,035
1,744,774
2,587,465
1,734,677
1,850,704
1,738,806
1,757,998
2,297,692
2,014,045
1,856,008
1,738,997
1,758,372
1,713,108
2,595,418
1,841,844
1,739,734
1,764,806
1,712,721
2,592,867
1,848,731
1,746,810
1,738,753
1,744,598
2,580,301
1,737,407
1,853,370
1,736,894
1,761,892
2,244,491
2,063,378
1,859,411
1,737,384
1,756,291
1,703,636
2,605,561
1,841,918
1,737,099
1,733,789
1,743,430
2,592,482
1,844,709
1,747,067
1,736,838
1,746,085
2,586,158
1,736,187
1,850,985
1,737,796
1,753,461
2,243,170
2,065,071
1,858,552
1,740,299
1,755,546
1,704,840
2,611,296
1,842,554
1,740,630
1,731,149
1,747,422
2,596,495
1,845,068
1,745,456
1,734,459
1,743,296
2,589,324
1,741,657
1,851,073
1,733,198
1,759,362
2,249,143
2,059,308
1,856,106
1,740,640
1,752,754
1,705,265
2,595,398
1,845,471
1,741,543
1,736,212
1,743,610
2,591,422
1,847,333
1,746,903
1,738,305
1,747,582
2,589,727
1,735,242
1,852,064
1,741,247
1,764,585
2,247,427
2,063,444
1,860,353
1,746,281
1,755,503
1,708,611
2,591,158
1,849,416
1,743,668
1,737,040
1,738,989
2,590,873
1,724,360
1,850,595
1,736,288
1,754,347
2,580,120
1,729,121
1,854,672
1,737,629
1,756,570
1,720,099
2,592,638
1,837,248
1,744,079
1,767,000
1,706,359
2,597,073
1,847,533
1,743,461
1,735,131
1,742,487
2,590,044
1,732,099
1,853,837
1,740,614
1,757,602
2,420,536
1,891,307
1,856,871
1,737,268
1,760,356
1,701,036
2,611,732
1,844,145
1,742,003
1,764,535
1,704,297
2,597,773
1,845,932
1,744,855
1,737,879
1,746,666
2,585,629
1,729,483
1,852,048
1,736,082
1,759,728
2,458,770
1,841,382
1,854,725
1,741,435
1,758,213
2,251,501
2,063,897
1,849,890
1,737,053
1,757,893
1,701,284
2,599,504
1,845,599
1,743,767
1,734,451
1,744,079
2,593,197
1,756,187
1,836,226
1,735,782
1,746,409
2,576,696
1,735,807
1,843,440
1,740,622
1,756,983
2,243,721
2,059,567
1,849,786
1,740,483
1,761,651
1,702,807
2,611,278
1,837,143
1,738,293
1,762,155
1,717,435
2,587,354
1,845,911
1,746,262
1,735,332
1,743,389
2,582,440
1,733,067
1,850,778
1,735,136
1,755,459
2,485,245
1,822,281
1,850,436
1,737,870
1,757,143
2,206,436
2,093,287
1,843,742
1,742,877
1,768,287
1,709,797
2,593,236
1,845,131
1,744,762
1,732,267
1,746,908
2,586,580
1,728,879
1,851,856
1,738,463
1,754,656
2,576,761
1,729,999
1,858,120
1,739,009
1,752,337
1,886,478
2,414,752
1,842,337
1,736,966
1,767,319
1,704,009
2,590,360
1,846,946
1,745,695
1,733,827
1,743,754
2,580,510
1,733,577
1,855,941
1,730,388
1,753,535
2,577,265
1,735,079
1,856,430
1,740,051
1,755,286
1,903,527
2,410,044
1,840,080
1,741,090
1,770,249
1,707,375
2,600,406
1,849,656
1,743,315
1,738,858
1,621,174
1,713,253
1,741,520
1,752,256
2,586,475
1,733,971
1,853,050
1,741,605
1,762,376
2,247,894
2,066,408
1,859,108
1,741,603
1,753,954
1,701,984
2,611,834
1,841,889
1,742,561
1,736,660
1,745,795
2,593,892
1,845,478
1,747,099
1,735,821
1,745,395
2,590,744
1,735,342
1,853,064
1,733,266
1,763,101
2,244,212
2,067,962
1,852,629
1,737,371
1,756,306
1,844,722
2,463,813
1,840,851
1,743,041
1,758,327
1,722,517
2,588,549
1,845,645
1,742,300
1,735,323
1,738,669
2,584,201
1,732,830
1,850,702
1,741,842
1,757,072
2,249,237
2,063,281
1,849,153
1,740,826
1,754,280
1,702,246
2,605,811
1,840,430
1,741,230
1,767,943
1,706,203
2,592,393
1,844,782
1,743,876
1,733,882
1,737,314
2,586,351
1,739,021
1,852,044
1,741,383
1,754,969
2,243,296
2,062,418
1,859,382
1,742,903
1,759,495
1,711,411
2,600,226
1,844,743
1,739,798
1,767,659
1,708,168
2,588,733
1,848,641
1,744,246
1,735,997
1,741,290
2,584,851
1,725,568
1,848,719
1,732,192
1,758,554
2,584,049
1,726,671
1,854,744
1,744,922
1,757,423
1,697,498
2,608,646
1,839,746
1,741,861
1,766,841
1,704,928
2,587,278
1,846,034
1,744,934
1,734,643
1,741,448
2,590,192
1,724,520
1,866,374
1,735,690
1,746,389
2,590,623
1,733,468
1,861,207
1,741,157
1,761,321
2,247,915
2,065,530
1,858,249
1,738,834
1,756,560
1,706,041
2,598,811
1,845,737
1,743,939
1,739,535
1,742,566
2,585,376
1,735,184
1,851,585
1,736,726
1,754,480
2,586,764
1,728,919
1,857,135
1,740,523
1,752,190
1,721,246
2,586,537
1,838,686
1,736,993
1,767,974
1,710,590
2,598,269
1,847,499
1,744,799
1,734,958
1,743,291
2,582,048
1,732,356
1,860,676
1,724,570
1,757,254
2,578,349
1,732,702
1,855,975
1,742,723
1,756,955
2,250,067
2,065,922
1,850,829
1,730,393
1,762,976
1,706,133
2,596,234
1,844,686
1,738,777
1,735,109
1,743,206
2,583,560
1,730,442
1,862,487
1,727,670
1,751,021
2,581,408
1,734,344
1,848,182
1,739,185
1,756,384
2,190,153
2,120,994
1,842,092
1,739,523
1,762,777
1,703,754
2,597,008
1,845,088
1,739,344
1,733,563
1,740,116
2,585,900
1,729,423
1,854,567
1,732,600
1,755,637
2,576,163
1,738,772
1,853,967
1,735,239
1,753,521
1,954,373
2,354,335
1,844,364
1,738,788
1,769,111
1,709,246
2,592,902
1,845,696
1,745,805
1,737,689
1,741,734
2,586,724
1,730,183
1,848,957
1,734,966
1,756,733
2,458,133
1,853,612
1,860,471
1,741,720
1,755,865
1,727,780
2,580,770
1,841,635
1,744,732
1,769,904
1,710,932
2,596,137
1,848,532
1,741,641
1,733,444
1,743,454
2,585,496
1,731,332
1,851,013
1,738,146
1,759,135
2,248,051
2,061,351
1,858,035
1,736,449
1,755,533
1,701,965
2,604,023
1,840,108
1,735,339
1,768,602
1,706,103
2,593,671
1,844,502
1,742,532
1,735,764
1,746,643
2,585,966
1,733,138
1,851,238
1,736,922
1,759,069
2,241,738
2,064,545
1,855,679
1,738,911
1,756,146
1,706,210
2,598,191
1,839,904
1,741,684
1,766,130
1,705,614
2,590,501
1,845,337
1,744,313
1,732,742
1,739,583
2,588,599
1,734,531
1,854,763
1,735,192
1,759,084
2,582,001
1,730,423
1,853,576
1,737,585
1,750,341
1,965,179
2,346,435
1,839,293
1,742,557
1,762,771
1,700,834
2,596,828
1,840,130
1,744,064
1,735,622
1,740,558
2,590,464
1,728,989
1,855,791
1,731,364
1,753,413
2,577,042
1,729,052
1,854,981
1,742,377
1,756,995
1,706,703
2,607,650
1,840,776
1,735,511
1,742,563
1,741,729
2,598,114
1,850,008
1,748,467
1,738,266
1,747,474
2,586,932
1,734,937
1,847,112
1,736,337
1,760,177
2,246,275
2,063,680
1,854,809
1,738,123
1,756,415
1,693,528
2,603,883
1,838,049
1,737,130
1,730,288
1,740,072
2,595,477
1,847,538
1,746,872
1,735,187
1,744,944
2,582,267
1,732,258
1,847,709
1,736,205
1,758,906
2,322,570
1,989,335
1,854,191
1,738,449
1,754,449
1,730,627
2,582,546
1,842,535
1,739,352
1,767,042
1,707,231
2,595,258
1,842,613
1,740,923
1,737,860
1,748,011
2,586,429
1,729,655
1,847,972
1,733,570
1,753,564
2,571,077
1,733,571
1,851,514
1,737,187
1,755,289
2,246,837
2,060,440
1,855,846
1,732,821
1,776,756
1,712,981
2,602,577
1,847,869
1,741,489
1,740,472
1,742,284
2,583,528
1,734,770
1,858,249
1,734,804
1,759,443
2,292,194
2,018,380
1,857,905
1,737,093
1,757,821
1,698,167
2,611,290
1,844,077
1,743,569
1,737,465
1,738,281
2,594,472
1,849,473
1,745,296
1,735,650
1,745,250
2,582,516
1,734,173
1,849,648
1,738,602
1,759,037
2,242,930
2,059,698
1,849,887
1,741,323
1,749,848
1,702,696
2,602,492
1,848,243
1,743,416
1,737,852
1,744,801
2,594,271
1,730,856
1,862,826
1,731,988
1,744,502
2,581,881
1,732,560
1,848,714
1,740,371
1,757,615
2,244,290
2,064,620
1,855,977
1,739,293
1,752,724
1,703,369
2,598,569
1,845,630
1,742,173
1,734,360
1,747,995
2,587,758
1,723,819
1,864,096
1,731,593
1,744,513
2,582,679
1,739,079
1,846,622
1,736,628
1,758,078
2,251,239
2,054,650
1,842,005
1,743,346
1,774,269
1,703,764
2,595,093
1,839,571
1,736,990
1,734,922
1,746,026
2,580,544
1,730,387
1,854,551
1,739,607
1,759,086
2,565,512
1,745,088
1,855,397
1,739,447
1,760,112
1,700,725
2,608,285
1,840,633
1,739,477
1,762,157
1,712,467
2,592,302
1,844,997
1,745,980
1,733,745
1,742,403
2,581,607
1,736,014
1,849,994
1,736,792
1,760,474
2,245,745
2,062,459
1,854,214
1,736,939
1,755,580
1,700,634
2,601,437
1,847,780
1,743,095
1,738,844
1,744,202
2,594,583
1,724,591
1,863,225
1,731,182
1,741,440
2,579,651
1,734,396
1,843,348
1,737,388
1,756,400
2,248,253
2,062,838
1,848,472
1,736,426
1,754,788
1,700,706
2,598,183
1,841,944
1,743,324
1,735,090
1,745,376
2,589,821
1,820,020
1,759,981
1,735,769
1,748,752
2,582,901
1,736,836
1,851,737
1,737,632
1,757,387
2,249,139
2,056,426
1,848,960
1,735,301
1,749,631
1,701,408
2,595,189
1,840,304
1,737,684
1,730,994
1,748,547
2,585,596
1,718,876
1,867,461
1,724,024
1,754,056
2,586,186
1,729,077
1,848,161
1,742,080
1,756,659
1,700,915
2,605,325
1,836,071
1,741,066
1,762,846
1,707,349
2,594,442
1,836,990
1,744,785
1,735,065
1,745,240
2,580,239
1,732,396
1,852,257
1,737,830
1,751,211
2,575,984
1,732,366
1,859,608
1,736,071
1,757,287
1,843,647
2,466,482
1,845,241
1,740,198
1,767,791
1,707,503
2,593,650
1,848,999
1,744,713
1,735,067
1,743,881
2,580,614
1,734,372
1,848,346
1,738,152
1,752,138
1,701,309
2,603,752
1,846,171
1,740,364
1,765,692
1,710,401
2,595,705
1,847,171
1,741,957
1,739,039
1,745,951
2,581,072
1,731,700
1,852,195
1,734,446
1,754,631
2,348,600
1,960,590
1,853,117
1,736,509
1,757,269
1,752,199
2,561,540
1,841,956
1,740,338
1,767,944
1,706,187
2,599,360
1,847,564
1,740,995
1,736,978
1,743,113
2,586,513
1,726,220
1,849,706
1,731,533
1,758,709
2,579,349
1,732,432
1,854,371
1,737,742
1,759,135
2,128,103
2,184,759
1,838,038
1,737,888
1,770,780
1,711,528
2,593,337
1,697,254
1,721,787
1,854,913
1,740,451
1,757,470
2,389,076
1,916,496
1,857,624
1,739,284
1,755,238
1,917,434
2,395,320
1,843,296
1,737,697
1,768,188
1,705,430
2,599,789
1,849,355
1,738,593
1,735,634
1,744,027
2,585,168
1,732,479
1,851,292
1,738,990
1,759,819
2,266,692
2,044,771
1,852,499
1,742,419
1,760,182
1,701,272
2,610,930
1,844,969
1,740,879
1,738,369
1,746,753
2,593,008
1,845,377
1,744,553
1,735,178
1,741,991
2,582,330
1,735,958
1,848,766
1,735,021
1,758,776
2,249,317
2,061,775
1,855,592
1,736,384
1,756,686
1,701,691
2,593,032
1,845,345
1,740,019
1,734,162
1,746,884
2,587,952
1,843,083
1,738,351
1,733,222
1,744,323
2,584,501
1,733,473
1,849,509
1,738,643
1,761,755
2,242,920
2,064,803
1,859,638
1,742,531
1,757,170
1,706,666
2,602,727
1,843,749
1,740,175
1,734,362
1,744,023
2,589,645
1,726,739
1,864,516
1,738,975
1,741,278
2,575,907
1,729,670
1,839,472
1,734,197
1,756,662
2,245,767
2,060,179
1,856,965
1,738,814
1,751,962
1,704,961
2,597,299
1,842,504
1,738,992
1,736,297
1,744,510
2,593,149
1,851,105
1,742,970
1,734,185
1,745,584
2,580,267
1,736,908
1,848,325
1,733,011
1,753,036
2,242,867
2,058,673
1,855,982
1,740,988
1,757,856
1,695,742
2,607,241
1,841,681
1,742,073
1,735,430
1,745,768
2,593,902
1,843,758
1,741,341
1,738,591
1,743,537
2,580,614
1,731,283
1,848,355
1,732,756
1,754,388
2,246,240
2,058,633
1,854,622
1,736,817
1,754,925
1,703,870
2,597,760
1,840,823
1,741,883
1,734,007
1,744,134
2,598,048
1,848,196
1,744,730
1,735,447
1,748,937
2,584,131
1,735,732
1,853,623
1,739,552
1,763,063
2,241,960
2,066,592
1,855,038
1,739,759
1,761,856
1,703,827
2,604,739
1,845,222
1,747,814
1,737,794
1,746,931
2,589,843
1,842,037
1,741,287
1,736,954
1,743,713
2,584,294
1,736,922
1,851,804
1,738,807
1,759,680
2,243,213
2,057,048
1,851,917
1,739,030
1,754,992
1,700,329
2,599,548
1,842,903
1,741,366
1,740,715
1,741,378
2,591,973
1,838,046
1,746,683
1,733,631
1,746,651
2,590,487
1,731,673
1,850,247
1,736,375
1,759,343
2,243,592
2,063,965
1,855,171
1,734,552
1,756,837
1,702,877
2,599,647
1,847,331
1,740,688
1,738,281
1,743,863
2,592,499
1,848,821
1,744,553
1,736,976
1,738,666
2,584,944
1,732,500
1,851,329
1,732,853
1,761,827
2,243,501
2,062,022
1,855,191
1,736,730
1,754,556
1,702,085
2,607,220
1,840,001
1,739,814
1,765,716
1,710,878
2,596,804
1,846,984
1,746,051
1,742,830
1,749,271
2,590,598
1,733,776
1,850,828
1,735,002
1,758,986
2,540,294
1,771,904
1,855,871
1,741,421
1,758,618
2,242,163
2,071,206
1,856,616
1,733,298
1,768,403
1,708,576
2,590,430
1,847,823
1,743,319
1,738,023
1,747,402
2,585,930
1,730,820
1,850,525
1,731,639
1,759,729
2,281,236
2,031,378
1,853,903
1,739,760
1,760,735
1,699,227
2,604,274
1,841,464
1,742,125
1,734,129
1,739,751
2,594,433
1,846,358
1,742,349
1,733,932
1,739,544
2,582,325
1,738,771
1,853,974
1,736,786
1,759,139
2,247,914
2,066,239
1,855,882
1,744,063
1,757,544
1,701,892
2,600,389
1,845,993
1,748,574
1,733,512
1,744,646
2,592,823
1,847,021
1,743,004
1,733,296
1,743,096
2,573,605
1,732,430
1,844,417
1,728,241
1,751,475
2,238,328
2,060,954
1,850,280
1,740,551
1,758,431
1,700,814
2,609,358
1,844,380
1,744,452
1,765,216
1,710,793
2,597,163
1,845,268
1,745,529
1,734,577
1,741,167
2,586,839
1,737,163
1,851,823
1,738,154
1,755,600
2,584,125
1,731,958
1,853,223
1,737,628
1,756,758
2,248,732
2,063,098
1,853,438
1,738,776
1,755,586
1,705,995
2,603,249
1,848,590
1,745,107
1,733,550
1,746,368
2,592,371
1,845,636
1,748,271
1,738,213
1,741,442
2,583,660
1,731,601
1,847,973
1,736,218
1,759,599
2,244,596
2,062,320
1,852,961
1,739,066
1,760,475
1,702,523
2,609,044
1,831,554
1,744,090
1,733,887
1,744,837
2,590,784
1,847,682
1,740,781
1,732,813
1,743,642
2,585,697
1,733,303
1,845,151
1,739,111
1,756,668
2,245,409
2,059,160
1,856,622
1,735,136
1,749,623
1,704,015
2,592,536
1,845,477
1,745,803
1,737,790
1,745,859
2,590,065
1,743,003
1,851,189
1,733,430
1,744,666
2,576,389
1,735,651
1,850,545
1,741,293
1,756,012
2,250,171
2,063,273
1,856,503
1,743,205
1,757,412
1,702,245
2,601,930
1,846,741
1,739,819
1,736,966
1,745,070
2,592,149
1,849,995
1,747,363
1,735,012
1,742,330
2,576,746
1,738,395
1,851,366
1,738,205
1,752,836
2,435,322
1,872,727
1,856,930
1,734,301
1,757,333
1,736,463
2,575,339
1,840,821
1,744,730
1,773,335
1,702,350
2,601,390
1,838,218
1,737,957
1,731,491
1,744,924
2,587,913
1,728,445
1,856,307
1,739,062
1,754,315
2,582,257
1,729,839
1,850,595
1,738,829
1,756,480
2,170,371
2,141,981
1,856,736
1,736,368
1,764,203
1,703,493
2,593,703
1,846,058
1,741,086
1,739,266
1,744,489
2,590,014
1,844,582
1,748,759
1,734,990
1,745,595
2,583,637
1,736,581
1,846,362
1,740,334
1,762,511
2,248,782
2,060,876
1,851,300
1,737,317
1,753,919
1,703,191
2,600,160
1,847,644
1,745,334
1,736,696
1,748,697
2,595,486
1,842,738
1,742,774
1,737,038
1,741,445
2,584,641
1,733,236
1,852,283
1,737,813
1,754,753
2,242,023
2,064,923
1,856,610
1,737,637
1,758,922
1,700,201
2,606,525
1,843,022
1,740,159
1,754,976
1,720,975
2,596,861
1,846,615
1,744,322
1,734,639
1,737,660
2,580,282
1,731,277
1,849,110
1,737,380
1,756,990
2,363,894
1,950,902
1,852,058
1,740,319
1,755,897
1,698,873
2,611,383
1,838,460
1,744,742
1,768,615
1,706,299
2,595,639
1,841,212
1,745,014
1,734,789
1,742,250
2,581,459
1,736,263
1,851,443
1,734,679
1,754,655
2,244,244
2,063,812
1,852,874
1,733,924
1,758,160
1,780,008
2,526,670
1,837,407
1,736,453
1,765,416
1,710,414
2,593,731
1,842,540
1,745,281
1,735,585
1,739,257
2,585,793
1,732,272
1,850,343
1,734,499
1,757,555
2,585,063
1,733,956
1,853,497
1,736,916
1,758,053
2,117,347
2,198,614
1,851,235
1,732,976
1,770,173
1,705,592
2,598,078
1,845,588
1,741,732
1,731,446
1,744,038
2,584,161
1,740,224
1,850,397
1,735,061
1,759,859
2,577,232
1,733,853
1,851,980
1,739,425
1,754,888
2,250,015
2,059,524
1,843,129
1,748,672
1,770,858
1,700,683
2,596,594
1,848,363
1,748,418
1,739,315
1,742,895
2,583,890
1,731,178
1,853,807
1,739,756
1,758,247
2,580,745
1,732,563
1,855,343
1,738,870
1,755,771
1,830,248
2,478,908
1,843,181
1,740,028
1,769,718
1,710,695
2,591,303
1,848,820
1,739,105
1,730,121
1,740,543
2,586,019
1,732,298
1,862,390
1,733,079
1,746,344
2,578,065
1,741,359
1,847,140
1,740,223
1,754,925
1,903,698
2,409,790
1,848,836
1,734,440
1,771,783
1,705,825
2,595,338
1,845,296
1,741,420
1,736,332
1,743,065
2,584,939
1,726,199
1,852,156
1,729,305
1,758,324
2,493,056
1,820,577
1,857,083
1,740,998
1,758,817
1,772,384
2,542,695
1,838,897
1,741,486
1,766,241
1,704,434
2,600,366
1,847,630
1,705,332
1,740,329
1,758,685
1,907,134
2,401,483
1,845,522
1,735,168
1,771,260
1,706,397
2,599,274
1,849,152
1,739,825
1,736,274
1,744,763
2,580,783
1,724,519
1,854,328
1,737,029
1,756,010
2,576,982
1,733,804
1,844,515
1,741,124
1,756,069
2,246,063
2,062,628
1,851,882
1,742,419
1,761,702
1,703,618
2,610,079
1,840,571
1,743,319
1,736,753
1,743,942
2,591,277
1,849,201
1,742,806
1,731,096
1,744,735
2,586,033
1,730,770
1,848,389
1,733,756
1,754,193
2,492,816
1,820,009
1,854,242
1,737,963
1,753,855
2,239,122
2,071,470
1,846,704
1,731,746
1,766,980
1,706,194
2,592,344
1,846,448
1,742,069
1,734,033
1,748,507
2,596,400
1,727,971
1,866,813
1,726,961
1,756,316
2,583,921
1,738,302
1,854,940
1,741,845
1,758,123
2,006,977
2,307,350
1,843,843
1,740,911
1,765,205
1,711,070
2,598,825
1,845,886
1,743,447
1,732,726
1,742,414
2,589,057
1,724,479
1,863,042
1,723,410
1,753,659
2,579,787
1,733,534
1,844,649
1,737,370
1,757,024
2,100,003
2,206,875
1,838,511
1,736,661
1,766,684
1,708,993
2,595,174
1,844,609
1,740,229
1,735,195
1,739,282
2,581,525
1,736,184
1,865,670
1,727,365
1,757,340
2,583,826
1,734,342
1,852,216
1,739,065
1,759,618
2,239,408
2,070,606
1,849,302
1,734,331
1,765,038
1,705,013
2,595,941
1,848,151
1,744,974
1,737,197
1,745,427
2,588,026
1,729,413
1,862,299
1,728,818
1,754,124
2,580,136
1,738,850
1,851,118
1,738,666
1,753,084
2,243,248
2,059,525
1,859,400
1,743,764
1,756,667
1,704,599
2,598,605
1,844,226
1,735,947
1,740,830
1,745,327
2,590,378
1,729,431
1,858,378
1,738,232
1,761,481
2,582,236
1,735,423
1,855,604
1,739,256
1,757,519
2,129,328
2,186,139
1,844,890
1,738,165
1,768,796
1,705,180
2,597,450
1,849,059
1,741,978
1,730,260
1,741,614
2,590,441
1,729,607
1,854,553
1,733,503
1,753,675
2,578,579
1,732,281
1,851,051
1,737,458
1,758,161
2,225,359
2,085,023
1,845,793
1,738,883
1,766,847
1,702,271
2,588,589
1,842,488
1,739,396
1,732,608
1,744,703
2,593,460
1,728,055
1,852,432
1,734,595
1,761,915
2,582,873
1,729,941
1,851,599
1,733,905
1,753,394
1,868,028
2,443,742
1,844,205
1,738,326
1,767,311
1,701,875
2,594,946
1,844,348
1,745,531
1,735,779
1,741,447
2,583,395
1,732,209
1,861,984
1,737,763
1,739,833
2,578,583
1,734,014
1,845,898
1,740,131
1,757,542
2,247,076
2,057,406
1,854,481
1,736,537
1,753,828
1,703,652
2,596,980
1,847,534
1,740,031
1,735,562
1,750,552
2,590,083
1,851,964
1,748,969
1,734,872
1,743,536
2,581,858
1,730,688
1,846,085
1,733,484
1,760,285
2,334,993
1,975,198
1,854,338
1,737,761
1,754,755
2,025,393
2,282,720
1,840,860
1,742,203
1,764,200
1,705,261
2,599,253
1,847,881
1,742,160
1,732,528
1,745,875
2,583,087
1,721,788
1,863,407
1,730,203
1,737,195
2,579,128
1,733,297
1,843,590
1,737,114
1,752,408
2,249,876
2,063,709
1,853,759
1,737,598
1,748,466
1,703,521
2,594,380
1,843,822
1,739,606
1,729,437
1,740,771
2,597,459
1,845,432
1,746,010
1,737,533
1,744,734
2,579,305
1,734,778
1,846,771
1,736,070
1,755,649
2,257,579
2,052,766
1,849,968
1,735,005
1,757,231
1,701,940
2,607,350
1,837,292
1,736,711
1,775,918
1,716,094
2,597,271
1,847,445
1,741,306
1,739,200
1,744,170
2,583,033
1,735,648
1,851,027
1,739,643
1,761,075
2,250,201
2,063,612
1,857,613
1,743,361
1,761,729
1,709,119
2,598,472
1,852,997
1,740,219
1,730,010
1,739,627
2,591,546
1,728,820
1,857,735
1,739,252
1,760,479
2,576,356
1,728,435
1,850,590
1,737,143
1,753,190
1,937,641
2,367,649
1,842,609
1,743,757
1,768,663
1,706,933
2,593,319
1,849,354
1,745,429
1,735,505
1,741,013
2,584,366
1,732,926
1,852,585
1,735,000
1,756,778
2,293,674
2,020,501
1,852,406
1,741,643
1,755,699
1,702,647
2,612,844
1,842,587
1,737,225
1,767,964
1,706,837
2,591,734
1,845,198
1,742,243
1,736,093
1,740,157
2,585,986
1,732,238
1,853,260
1,734,889
1,757,311
2,291,557
2,014,766
1,846,628
1,736,436
1,754,127
1,701,952
2,612,168
1,827,835
1,738,230
1,736,930
1,745,389
2,592,419
1,725,146
1,865,689
1,731,971
1,742,139
2,582,915
1,735,132
1,849,389
1,738,382
1,754,614
2,248,362
2,063,729
1,858,921
1,742,904
1,755,547
1,710,406
2,597,341
1,851,027
1,741,223
1,729,823
1,743,691
2,586,291
1,722,039
1,864,149
1,736,566
1,741,375
2,578,356
1,733,619
1,848,448
1,739,625
1,756,658
2,242,393
2,060,628
1,851,671
1,737,334
1,755,958
1,699,196
2,604,575
1,833,399
1,741,567
1,733,726
1,742,171
2,588,587
1,840,200
1,741,731
1,734,981
1,743,120
2,579,339
1,733,017
1,846,485
1,735,050
1,757,107
2,308,385
1,998,558
1,852,954
1,737,563
1,751,366
1,964,836
2,337,589
1,844,171
1,737,894
1,764,991
1,706,879
2,600,197
1,845,654
1,741,160
1,729,116
1,746,513
2,589,647
1,726,294
1,859,510
1,728,507
1,758,849
2,577,467
1,737,241
1,849,410
1,742,689
1,755,791
2,129,322
2,176,218
1,840,892
1,748,339
1,753,733
1,707,104
2,598,164
1,841,882
1,738,311
1,733,890
1,746,766
2,594,670
1,726,690
1,851,540
1,737,444
1,758,125
2,506,664
1,801,643
1,852,332
1,740,849
1,754,345
2,151,555
2,156,907
1,852,503
1,739,123
1,774,220
1,714,378
2,595,461
1,845,880
1,744,464
1,728,630
1,742,902
2,589,445
1,730,282
1,852,776
1,738,203
1,752,821
2,577,406
1,729,131
1,853,170
1,733,568
1,763,103
2,178,407
2,132,389
1,840,106
1,737,818
1,767,613
1,705,582
2,594,632
1,846,523
1,749,663
1,742,281
1,741,664
2,585,622
1,738,642
1,847,516
1,737,392
1,761,019
2,243,218
2,065,993
1,859,606
1,743,612
1,762,359
1,800,435
2,511,095
1,840,417
1,742,538
1,738,260
1,735,832
2,592,217
1,845,223
1,744,257
1,735,099
1,739,703
2,583,754
1,732,921
1,849,572
1,734,723
1,757,635
2,240,965
2,061,789
1,857,964
1,737,849
1,750,736
1,698,615
2,612,620
1,843,754
1,739,124
1,739,397
1,733,038
2,597,108
1,852,364
1,749,022
1,734,330
1,740,717
2,589,626
1,735,902
1,851,524
1,737,685
1,757,594
2,584,377
1,730,876
1,856,285
1,739,380
1,757,355
1,916,097
2,400,151
1,842,786
1,745,282
1,765,067
1,711,936
2,601,283
1,846,785
1,742,215
1,737,611
1,743,584
2,584,866
1,727,277
1,848,176
1,735,840
1,759,598
2,582,996
1,731,509
1,855,427
1,739,967
1,756,363
1,834,820
2,480,234
1,846,485
1,743,567
1,773,672
1,710,132
2,592,567
1,845,478
1,736,012
1,732,128
1,748,673
2,586,897
1,733,669
1,864,535
1,727,338
1,748,883
2,584,955
1,736,683
1,851,380
1,746,801
1,760,989
2,250,971
2,060,085
1,854,451
1,737,016
1,755,749
1,704,590
2,595,556
1,846,679
1,745,854
1,734,752
1,738,806
2,579,592
1,727,789
1,852,100
1,731,109
1,756,402
2,580,078
1,728,433
1,849,942
1,732,889
1,754,837
2,246,921
2,061,874
1,859,484
1,738,361
1,755,333
1,704,275
2,597,878
1,848,614
1,735,880
1,731,782
1,741,042
2,586,820
1,731,622
1,856,042
1,736,016
1,759,358
2,578,228
1,740,270
1,853,890
1,743,972
1,761,189
2,041,786
2,270,830
1,839,925
1,740,093
1,766,615
1,709,921
2,596,000
1,848,582
1,737,705
1,733,834
1,738,481
2,591,039
1,724,907
1,863,742
1,733,065
1,741,561
2,584,402
1,734,284
1,843,216
1,737,454
1,762,205
2,247,771
2,064,602
1,863,764
1,742,783
1,751,799
1,704,903
2,600,873
1,846,324
1,741,684
1,732,818
1,747,878
2,585,005
1,847,806
1,740,552
1,733,568
1,740,716
2,579,850
1,732,426
1,844,135
1,735,623
1,756,317
2,244,958
2,057,194
1,855,453
1,740,211
1,756,570
1,698,611
2,591,570
1,846,638
1,741,913
1,739,376
1,746,475
2,589,735
1,735,496
1,851,859
1,733,373
1,743,952
2,581,066
1,737,061
1,855,809
1,742,628
1,754,830
2,249,381
2,060,671
1,855,366
1,738,711
1,755,129
1,703,179
2,597,717
1,846,770
1,742,807
1,734,455
1,751,533
2,589,742
1,725,542
1,863,872
1,734,651
1,741,328
2,585,816
1,737,979
1,848,948
1,740,898
1,756,385
2,253,426
2,064,955
1,859,900
1,743,988
1,754,382
1,699,707
2,596,148
1,844,800
1,742,457
1,737,678
1,743,035
2,592,431
1,843,239
1,739,315
1,734,637
1,744,050
2,581,435
1,733,123
1,847,382
1,741,116
1,758,455
2,244,444
2,063,893
1,852,706
1,740,862
1,755,889
1,704,969
2,605,067
1,845,760
1,744,306
1,737,776
1,748,559
2,598,212
1,848,351
1,743,284
1,737,629
1,744,164
2,584,807
1,729,637
1,851,500
1,731,899
1,754,996
2,576,713
1,723,160
1,851,102
1,737,720
1,755,512
2,008,953
2,299,348
1,837,252
1,743,045
1,764,199
1,704,820
2,597,253
1,847,314
1,745,085
1,739,747
1,751,265
2,592,805
1,733,202
1,851,406
1,734,325
1,759,834
2,326,269
1,984,309
1,854,280
1,741,826
1,761,486
1,793,971
2,521,081
1,838,582
1,742,638
1,765,810
1,705,451
2,600,708
1,849,601
1,745,804
1,738,110
1,744,020
2,592,620
1,724,891
1,858,514
1,727,690
1,758,108
2,580,811
1,734,753
1,850,193
1,736,941
1,758,194
2,242,937
2,058,224
1,859,528
1,737,557
1,753,804
1,702,435
2,598,607
1,848,258
1,738,610
1,733,373
1,749,409
2,589,433
1,790,772
1,798,889
1,733,818
1,742,156
2,575,789
1,735,252
1,845,565
1,738,853
1,759,767
2,247,192
2,062,037
1,856,222
1,740,105
1,756,497
1,702,749
2,605,098
1,843,659
1,742,807
1,737,942
1,745,696
2,591,367
1,844,942
1,748,064
1,741,423
1,744,465
2,582,726
1,735,644
1,849,188
1,740,831
1,755,963
2,244,246
2,061,221
1,859,796
1,742,692
1,760,170
1,709,429
2,602,115
1,842,916
1,738,710
1,736,362
1,743,247
2,589,324
1,843,596
1,746,797
1,738,729
1,745,044
2,583,801
1,729,623
1,847,382
1,736,675
1,757,837
2,246,616
2,067,482
1,856,943
1,742,529
1,756,765
1,701,463
2,608,645
1,842,216
1,741,040
1,765,963
1,709,088
2,591,446
1,842,797
1,745,210
1,735,042
1,741,396
2,579,357
1,729,043
1,850,324
1,737,677
1,755,917
2,301,142
2,004,734
1,853,721
1,741,587
1,757,656
1,703,623
2,607,315
1,844,441
1,741,425
1,764,439
1,709,844
2,590,734
1,845,431
1,743,091
1,732,335
1,744,336
2,584,420
1,736,709
1,852,104
1,731,801
1,753,079
2,246,025
2,061,995
1,858,703
1,739,513
1,753,767
1,701,053
2,608,504
1,839,086
1,738,637
1,768,120
1,710,307
2,594,599
1,848,025
1,745,985
1,737,239
1,743,797
2,584,010
1,732,070
1,848,645
1,737,326
1,758,288
2,545,067
1,776,660
1,856,438
1,740,617
1,758,999
1,717,343
2,595,660
1,837,544
1,742,069
1,761,975
1,708,064
2,592,730
1,849,685
450,551
507,588
430,136
382,446
485,105
328,857
414,334
329,071
107,881
