1,682,813
713,349
562,100
266,719
440,353
473,278
498,564
614,723
524,869
1,000,982
14,657,054
11,314,397
1,768,692
1,884,578
2,008,051
2,274,232
1,662,258
1,987,705
1,219,796
2,140,346
1,571,807
1,313,531
1,566,691
787,030
2,100,440
2,032,204
1,378,673
1,434,271
1,953,193
1,746,921
1,570,020
1,423,022
1,450,935
832,340
1,166,399
1,896,140
611,484
74,569
59,131
58,826
58,744
58,804
54,817
54,746
55,053
54,584
54,250
54,578
54,584
57,120
54,352
59,435
59,165
19,538
19,796
19,897
21,592
57,642
1,087,287
2,172,735
2,300,735
2,868,381
2,990,441
2,149,255
3,040,361
2,846,034
2,313,147
3,035,839
2,100,811
3,058,173
2,983,018
2,148,238
2,184,877
2,986,586
2,147,805
2,780,058
2,318,450
2,089,879
3,037,124
2,096,617
2,981,554
2,148,935
2,781,631
2,313,340
2,088,429
3,030,681
2,096,700
2,980,264
2,150,837
2,782,563
2,316,451
2,086,603
2,979,227
2,145,738
2,970,320
2,146,643
2,069,826
3,028,386
2,090,651
2,972,590
2,143,732
2,067,351
3,027,010
2,087,383
2,977,619
2,148,595
2,776,029
2,314,815
2,083,810
2,978,196
2,143,405
2,778,015
898,148
2,516,768
2,096,973
3,032,363
2,098,722
3,031,916
2,096,828
3,032,494
2,091,983
3,024,441
2,094,619
1,537,257
2,278,285
2,116,217
3,038,811
2,980,751
2,137,742
2,424,828
2,725,298
2,786,945
2,346,074
2,974,851
2,143,937
3,026,925
2,092,297
3,023,908
2,093,198
3,028,862
2,450,783
2,670,200
2,800,383
2,312,662
2,461,991
2,655,762
2,319,898
2,793,156
2,192,059
2,102,633
3,013,804
2,755,792
2,356,776
2,485,052
2,627,584
2,223,545
2,891,922
2,649,135
2,497,449
2,967,852
2,139,635
3,047,148
2,968,331
2,142,273
3,016,268
2,803,432
3,336,364
3,073,953
4,028,774
3,089,761
3,980,537
3,146,583
3,977,818
3,156,269
3,948,807
3,171,811
3,473,355
3,624,486
3,088,564
4,025,607
3,097,786
3,981,529
3,149,943
3,966,057
3,159,740
3,777,808
3,343,079
3,100,120
4,001,632
3,092,595
3,978,428
3,151,321
3,970,688
3,155,265
3,773,694
3,340,354
3,076,057
4,029,622
3,092,229
3,979,785
3,148,775
3,974,814
3,154,013
3,936,845
3,186,994
3,396,413
3,714,513
3,094,977
4,032,004
3,098,327
3,982,320
3,152,091
3,973,139
3,159,238
3,732,992
3,376,127
3,095,271
4,031,120
3,109,447
3,795,483
3,354,525
3,969,157
3,151,788
4,024,224
3,097,565
3,812,598
3,354,961
3,084,043
1,645,463
3,167,895
4,046,647
4,013,605
3,246,019
3,138,350
1,586,993
4,068,017
4,068,950
4,073,293
4,067,319
3,128,078
4,069,077
4,069,898
4,069,412
4,071,518
4,069,355
4,073,760
4,071,474
4,072,038
4,072,603
4,069,009
4,075,290
4,074,318
3,263,094
4,074,215
4,071,011
4,072,916
4,071,401
4,074,638
4,067,537
4,069,406
4,074,988
4,070,650
4,068,527
4,066,413
4,070,380
2,831,624
4,080,834
3,788,753
3,707,673
4,009,234
4,069,289
4,072,844
4,067,883
4,068,673
4,066,332
4,068,417
4,071,724
4,069,789
3,098,207
4,047,899
4,073,850
4,069,209
4,070,526
4,065,658
4,065,436
4,062,349
4,007,917
4,066,164
4,068,735
4,063,848
3,873,082
4,069,628
4,065,487
4,066,202
4,066,442
4,066,902
4,067,135
4,065,097
4,064,505
4,065,996
4,068,128
4,063,497
4,068,611
4,066,251
3,977,019
3,877,939
3,985,328
3,694,040
4,069,277
4,070,882
4,068,025
4,061,883
4,059,594
4,065,499
4,068,803
4,065,077
4,007,109
3,945,190
3,399,127
4,033,135
4,068,911
4,068,857
4,069,344
4,067,598
4,068,767
4,066,470
4,069,774
4,066,971
4,067,407
4,068,512
4,071,518
4,070,735
4,072,966
3,062,385
4,074,156
4,071,702
4,069,976
4,069,135
4,064,256
4,022,844
4,064,808
4,065,987
4,071,067
4,073,108
4,068,995
4,070,121
4,068,547
4,069,671
4,073,375
4,050,791
3,901,967
4,071,500
4,066,407
4,061,497
3,715,255
3,728,119
4,074,007
4,076,276
4,072,601
3,035,328
4,064,871
4,068,960
4,068,538
4,068,838
4,067,618
4,062,282
3,495,567
3,860,810
3,947,764
4,069,080
4,069,163
4,067,081
4,069,593
4,068,335
4,069,591
4,068,652
4,066,748
4,070,081
4,067,071
4,063,202
4,067,011
4,071,017
4,070,797
4,072,446
4,072,436
4,071,124
4,066,795
4,074,001
4,066,822
4,074,343
4,080,912
4,073,655
4,069,898
4,072,745
4,073,374
4,075,484
4,070,459
4,072,759
4,019,211
3,187,262
4,100,788
4,051,531
4,041,459
4,061,066
4,077,496
4,063,538
4,061,460
3,877,236
3,375,967
4,069,076
4,070,791
4,071,419
4,069,527
4,069,459
4,068,672
4,065,896
4,068,624
4,067,415
4,060,582
4,046,493
4,062,112
4,070,671
4,071,460
4,024,032
4,072,836
4,069,784
4,068,369
4,021,391
3,931,466
3,915,825
3,519,133
4,070,220
4,072,150
4,078,046
4,079,313
4,071,911
4,076,342
4,073,608
4,072,255
4,072,228
4,065,826
4,067,910
4,050,849
4,066,532
4,067,629
4,020,762
4,068,588
4,064,428
4,069,115
3,879,513
4,068,151
3,729,257
3,706,103
4,074,238
4,068,644
4,074,078
4,070,537
4,073,060
4,071,099
4,070,141
4,069,021
3,079,881
3,942,147
3,932,517
4,074,718
3,711,852
3,724,543
4,070,385
4,072,335
4,074,418
3,084,477
4,014,195
4,069,664
4,070,654
4,073,025
4,070,452
3,881,528
4,065,837
3,737,478
3,696,240
4,067,360
4,069,859
4,070,747
4,072,909
4,071,427
4,072,615
4,072,202
4,068,384
4,072,337
4,070,672
4,070,435
4,055,122
4,071,055
4,071,946
4,071,706
4,024,704
4,073,571
4,072,282
4,072,034
4,069,318
3,881,249
4,071,492
4,066,886
3,536,923
3,902,184
4,070,574
4,070,899
4,073,527
4,074,118
4,073,985
4,074,471
4,073,902
4,075,354
4,071,025
4,070,330
4,053,828
4,073,827
4,066,550
4,068,665
4,024,828
4,070,521
4,064,022
4,044,633
3,905,312
4,072,042
3,566,514
3,875,858
4,076,340
4,077,996
4,078,440
4,073,779
4,074,197
4,078,251
4,079,171
4,074,171
4,072,765
4,070,149
4,053,466
4,074,767
4,072,106
4,027,757
4,072,397
4,076,601
4,078,125
3,924,021
4,038,496
3,791,990
3,655,882
4,074,949
4,073,239
4,080,885
4,075,437
4,074,360
4,076,466
4,076,856
4,077,082
4,078,749
4,076,946
4,079,005
4,070,520
4,062,676
4,068,950
3,847,754
4,070,698
4,070,615
3,377,144
4,077,655
4,069,205
4,072,917
4,072,267
4,072,221
4,076,075
4,079,237
4,080,719
4,080,118
4,081,439
4,077,670
4,076,597
4,076,785
4,074,524
4,082,681
4,084,390
4,079,358
4,082,318
4,078,652
4,079,437
4,077,433
4,080,047
4,078,219
4,075,246
4,115,756
4,117,446
4,156,958
4,062,933
4,121,279
4,105,836
4,063,686
4,173,202
4,110,695
4,148,891
4,035,561
4,185,151
4,273,153
4,079,905
3,388,564
4,068,524
4,068,933
4,072,715
3,996,013
4,072,924
4,074,447
4,074,554
4,088,492
4,066,710
4,073,605
4,074,969
4,075,666
4,085,895
4,086,801
4,077,750
4,086,160
4,060,297
4,077,717
4,080,587
4,089,690
4,102,337
4,079,348
4,082,198
4,077,654
4,078,711
4,080,850
4,077,705
4,083,080
4,081,754
4,081,180
4,077,686
4,082,347
4,080,761
4,078,644
4,078,238
4,084,352
4,078,444
4,081,327
4,078,783
4,078,254
4,079,521
4,083,336
4,084,609
4,079,397
4,079,185
4,079,865
4,078,357
4,075,624
4,082,185
4,035,277
4,083,885
4,079,746
4,077,896
4,075,143
4,076,686
4,073,052
4,074,548
4,075,298
4,076,663
4,074,532
4,078,861
4,078,045
4,077,074
4,079,920
4,016,816
4,022,251
4,034,782
4,076,904
4,060,114
4,076,537
4,077,311
4,078,904
4,076,096
4,081,100
4,078,175
4,076,699
4,077,228
4,077,432
4,079,425
4,074,642
4,078,266
4,077,586
3,804,981
3,668,544
4,073,690
4,030,129
4,077,069
4,076,371
4,073,958
4,072,065
4,069,014
4,069,111
4,068,493
3,925,101
4,042,197
4,078,336
4,072,320
3,874,777
3,670,816
3,984,511
4,077,975
4,079,047
4,076,193
4,076,264
4,075,954
4,075,741
4,070,529
4,076,626
4,076,383
4,076,699
4,077,246
4,077,492
4,073,893
4,074,983
4,071,101
4,070,944
4,074,094
4,075,942
4,077,119
4,076,467
4,077,791
4,075,171
4,076,818
4,077,770
4,077,402
4,075,657
4,078,465
4,078,611
4,074,410
4,080,228
4,077,244
4,077,328
4,080,749
4,077,407
4,081,184
4,077,999
4,075,255
4,076,810
4,077,591
4,075,993
4,076,222
4,072,869
4,075,025
4,072,342
4,072,350
4,072,205
4,073,766
4,075,271
4,075,446
4,075,161
4,073,967
4,073,744
4,073,734
4,071,544
4,070,141
4,071,306
4,072,164
4,069,636
4,068,777
4,073,126
4,072,353
4,072,616
4,073,089
4,074,778
4,072,743
4,075,076
4,077,212
4,078,453
4,077,101
4,074,329
4,077,933
4,077,573
4,081,962
4,082,502
4,080,522
4,076,609
4,075,309
4,077,627
4,077,158
4,076,618
4,078,303
4,077,834
4,077,192
4,080,035
4,077,172
4,078,476
3,089,497
4,028,544
4,070,846
4,069,445
4,066,615
4,074,418
4,070,607
4,067,222
4,068,432
4,064,099
4,067,410
2,193,264
4,067,219
4,063,967
4,063,246
4,071,019
4,069,880
4,066,925
4,067,459
4,075,461
4,094,019
4,075,546
4,069,269
4,072,738
4,065,956
4,073,369
3,993,608
4,085,177
4,104,438
4,074,202
4,073,853
4,071,547
4,072,619
4,074,044
4,072,406
4,071,781
4,069,700
4,070,228
4,070,545
4,068,481
4,069,864
4,069,160
4,071,198
4,071,805
4,070,084
4,073,589
4,073,427
4,075,441
4,072,552
4,069,667
4,072,039
4,072,815
4,074,539
4,071,924
4,074,498
4,077,690
4,076,355
4,071,309
4,074,316
4,076,883
4,075,208
4,070,381
4,081,453
4,083,389
4,058,970
4,080,705
4,068,201
4,079,147
4,077,341
4,078,118
4,074,030
4,061,559
4,077,344
4,074,457
3,845,521
4,103,786
4,104,776
4,176,075
4,073,243
4,074,804
4,074,603
4,075,586
4,074,374
4,078,041
4,078,113
4,074,700
4,077,371
4,078,521
4,080,190
4,080,035
4,080,018
4,077,941
4,078,363
4,077,170
4,076,315
4,073,211
4,078,831
4,078,740
4,079,271
4,075,164
4,073,800
4,070,875
4,075,481
4,077,868
4,075,270
4,073,488
4,073,666
4,073,224
4,115,717
4,076,047
4,080,849
4,073,695
4,073,714
4,072,634
4,074,566
4,073,471
4,071,899
4,075,407
4,072,515
4,079,375
4,078,660
4,074,972
4,077,051
4,077,033
4,075,426
4,073,129
4,072,835
4,074,641
4,073,668
4,071,137
4,072,856
4,088,030
4,071,984
4,076,999
4,073,596
4,077,198
4,077,988
4,077,358
4,078,231
4,077,475
4,076,954
4,079,725
4,076,553
4,078,866
4,076,707
4,077,108
4,076,744
4,073,757
4,075,997
4,079,761
4,080,687
4,075,468
4,079,399
4,077,509
4,140,926
4,162,728
4,274,453
4,228,496
4,187,482
3,464,987
4,081,251
4,164,161
4,112,537
4,113,682
4,178,136
4,204,143
4,332,209
4,139,222
4,076,316
4,073,620
4,076,481
4,074,612
4,076,417
4,078,957
4,180,240
4,159,369
4,081,427
4,081,625
4,083,657
4,079,874
4,081,956
4,080,209
4,082,561
4,080,081
4,084,224
3,266,158
4,082,226
4,081,151
4,070,522
4,075,146
4,059,059
4,076,386
4,073,779
4,073,687
4,074,292
4,028,566
4,076,610
4,072,172
4,072,744
3,948,543
4,010,230
4,073,401
3,732,108
3,713,943
4,071,545
4,071,916
4,076,602
4,074,822
4,072,086
4,072,494
4,074,468
4,076,172
4,080,188
4,077,651
4,079,185
4,078,507
4,079,686
4,076,694
4,077,501
4,077,442
4,076,185
4,074,870
4,074,142
4,071,979
4,074,768
4,056,435
4,073,874
4,073,249
4,074,310
4,028,538
4,077,061
4,078,856
4,074,470
3,189,649
4,081,965
4,070,908
4,071,783
4,069,801
4,073,029
4,076,373
4,073,659
4,078,248
4,076,659
4,069,084
4,126,451
4,211,874
4,204,292
4,030,189
4,112,411
4,182,980
4,185,723
4,044,682
4,239,022
4,116,390
4,076,840
4,080,238
4,076,717
4,078,030
4,074,814
4,126,032
4,173,215
4,118,947
4,082,689
4,076,530
4,079,768
4,077,578
4,077,657
4,078,823
4,074,690
4,082,786
4,081,318
4,077,807
4,077,524
4,082,519
4,080,806
4,081,354
4,081,929
4,081,656
4,078,044
4,080,394
4,081,160
4,083,142
4,098,638
4,105,686
4,081,332
4,077,481
4,076,962
4,081,076
4,082,263
4,080,463
4,077,694
4,078,510
4,081,615
4,077,151
4,078,254
4,076,657
4,076,335
4,076,084
4,078,438
4,077,437
4,077,591
4,082,409
4,078,965
4,076,955
4,076,182
4,077,737
4,075,364
4,077,815
4,075,288
4,092,425
4,073,749
4,076,143
4,079,164
4,078,416
4,079,582
4,079,513
4,082,427
4,083,264
4,080,184
4,080,773
4,082,146
4,077,526
4,080,767
4,081,357
4,079,797
4,081,225
4,082,290
4,077,470
4,080,051
4,085,687
4,080,513
4,075,015
4,075,172
4,077,886
4,080,593
4,079,937
4,080,651
4,081,074
4,081,194
4,080,578
4,083,771
4,124,260
4,139,760
4,266,593
4,234,100
4,201,366
4,198,693
4,102,864
4,082,802
4,088,460
4,079,777
4,083,164
4,078,456
4,080,021
4,081,740
4,096,916
4,120,909
4,203,049
4,084,811
4,080,120
4,078,051
4,077,599
4,079,331
4,074,449
4,073,707
4,077,911
4,076,954
4,074,805
4,079,629
4,073,725
4,073,930
4,075,654
4,077,368
4,077,854
4,081,147
4,087,909
4,114,943
4,075,636
4,075,805
4,081,264
4,079,042
4,080,173
4,078,439
4,079,650
4,077,941
4,077,144
4,079,892
4,079,910
4,081,475
4,079,524
4,078,946
4,081,019
4,081,084
4,077,436
4,077,850
4,078,880
4,093,479
4,081,200
4,082,686
4,079,530
4,079,846
4,077,006
4,076,886
4,079,042
4,082,042
4,076,492
4,076,304
4,079,314
4,082,231
4,079,085
4,078,118
4,080,399
4,081,295
4,080,849
4,078,983
4,083,017
4,079,873
4,165,225
4,171,757
4,225,139
4,149,823
4,215,880
4,148,987
4,171,996
4,080,583
4,077,706
4,077,511
4,077,541
4,076,707
4,111,505
4,121,532
4,094,293
4,161,022
4,080,744
4,080,299
4,079,023
4,078,205
4,074,116
4,078,925
4,077,737
4,081,849
4,076,014
4,079,472
4,080,322
4,080,192
4,078,482
4,075,581
4,076,166
4,077,382
4,092,574
4,113,187
4,084,867
4,082,214
4,083,654
4,080,810
4,079,923
4,082,768
4,078,912
4,077,175
4,080,776
4,075,111
4,076,780
4,078,430
4,080,953
4,079,977
4,083,494
4,079,935
4,078,375
4,076,813
4,082,045
4,081,546
4,079,015
4,082,079
4,084,140
4,095,004
4,080,939
4,076,864
4,077,715
4,082,217
4,081,345
4,087,184
4,081,591
4,081,336
4,085,529
4,078,033
3,086,082
4,009,987
4,073,732
4,071,172
4,067,620
4,065,626
4,067,055
4,064,858
4,068,346
4,067,404
4,100,200
3,156,824
4,068,313
4,070,967
4,191,279
3,986,338
4,182,828
4,145,059
4,324,173
3,617,004
3,106,699
4,070,766
4,071,336
4,071,584
4,070,059
4,072,666
4,069,243
4,070,746
4,072,278
4,067,762
4,066,622
4,067,094
4,068,986
4,071,038
4,071,896
4,069,791
4,070,752
4,071,994
4,072,789
4,076,173
4,071,838
4,075,056
4,075,670
4,075,155
4,072,376
4,073,016
4,073,412
4,074,885
4,073,184
4,072,675
4,073,517
4,075,676
4,076,168
4,072,144
4,078,742
4,078,208
4,078,099
4,075,245
4,073,541
4,077,933
4,079,497
4,131,429
4,225,413
4,314,298
4,291,405
4,101,952
4,075,366
4,077,213
4,077,044
4,079,848
4,072,015
4,076,367
4,122,136
4,139,862
4,145,235
4,078,059
4,074,270
4,075,515
4,069,405
4,072,991
4,071,278
4,071,972
4,073,759
4,071,316
4,070,167
4,074,858
4,073,394
4,074,569
4,071,382
4,070,961
4,068,738
4,072,159
4,072,093
4,073,780
4,092,776
4,091,051
4,073,830
4,072,718
4,073,738
4,071,286
4,075,309
4,074,161
4,076,129
4,075,918
4,077,306
4,073,458
4,071,584
4,078,101
4,077,312
4,074,043
4,076,802
4,072,929
4,069,154
4,070,238
4,072,444
4,072,621
4,071,691
4,073,920
4,072,659
4,090,572
4,081,463
4,075,825
4,075,132
4,072,576
4,074,866
4,070,699
4,072,652
4,076,281
4,073,124
4,073,268
4,070,508
4,076,193
4,073,183
4,073,873
4,072,753
4,075,068
4,074,795
4,073,474
4,067,213
4,069,197
4,069,518
4,067,439
4,074,187
4,069,133
4,075,753
4,072,186
4,074,528
4,076,031
4,069,745
4,071,203
4,069,402
4,072,904
4,070,523
4,073,878
4,070,280
4,070,492
4,075,128
4,071,891
4,073,744
4,083,630
4,068,049
4,074,047
4,072,512
4,069,695
4,068,840
4,070,895
4,069,747
4,071,850
4,069,740
4,069,828
4,071,648
4,073,208
4,073,758
4,070,936
4,067,910
4,069,675
4,070,692
4,072,397
4,072,111
4,072,053
4,073,656
4,075,760
4,076,112
4,076,054
4,078,124
4,111,467
4,044,628
4,112,536
4,200,729
4,167,027
4,251,659
4,196,415
4,205,862
4,091,396
4,074,077
4,069,692
4,075,129
4,075,555
4,073,069
4,104,487
4,184,525
4,091,429
4,106,509
4,077,565
4,076,137
4,073,481
3,969,365
4,181,188
4,076,060
4,075,290
4,075,054
4,074,906
4,074,689
4,074,289
4,073,843
4,073,694
4,072,282
4,071,849
4,069,562
4,071,253
4,075,154
4,076,356
4,075,799
4,075,871
4,076,037
4,118,853
4,077,377
4,074,822
4,074,875
4,076,301
4,077,976
4,075,271
4,076,982
4,075,901
4,069,246
4,075,178
4,073,656
4,074,371
4,073,157
4,072,334
4,072,830
4,076,152
4,074,086
4,072,687
4,071,900
4,072,789
4,075,858
4,075,607
4,073,034
4,073,551
4,070,258
4,071,620
4,076,158
4,074,577
3,844,405
4,077,128
4,157,778
3,309,649
4,070,661
4,072,527
4,073,906
4,073,374
4,071,474
4,073,731
4,070,660
4,074,636
4,072,903
4,070,480
4,071,879
4,074,259
4,085,782
4,057,626
4,070,264
4,071,594
4,067,802
4,085,062
4,072,914
4,069,805
4,067,406
4,069,502
4,071,281
4,072,870
4,071,111
4,071,747
4,074,332
4,075,656
4,075,408
4,070,976
4,073,300
4,076,923
4,074,310
4,072,316
4,069,605
4,068,772
4,075,049
4,072,289
4,074,250
4,072,839
4,076,922
4,100,482
4,213,017
4,281,047
3,719,811
4,071,320
4,071,390
4,071,397
4,074,130
4,069,728
4,071,738
4,070,558
4,075,565
4,072,806
4,069,650
4,067,974
4,068,157
4,074,023
4,077,910
4,070,507
4,068,417
4,068,813
4,069,609
4,072,211
4,069,639
4,068,280
4,072,311
4,074,685
4,070,654
4,071,998
4,073,116
4,072,362
4,206,969
4,203,223
4,145,882
4,283,121
4,097,836
4,103,074
4,129,657
4,110,849
3,414,963
4,066,182
4,072,913
4,077,974
4,077,558
4,074,498
4,070,725
4,070,649
4,068,678
4,065,222
4,067,689
4,070,575
4,049,149
4,048,790
4,064,498
4,070,565
4,071,848
4,067,417
4,065,689
4,065,676
4,066,896
4,068,276
4,066,488
4,069,207
4,073,884
4,070,892
4,071,165
4,069,084
4,071,466
4,071,117
4,073,544
4,073,244
4,070,187
4,074,821
4,070,856
4,072,651
4,069,259
4,073,818
4,068,721
4,070,438
4,073,924
4,071,855
4,075,450
4,080,289
4,063,839
4,067,604
4,076,164
4,074,960
4,072,775
4,074,393
4,073,554
4,071,186
4,074,144
4,073,302
4,075,182
4,072,865
4,071,574
4,072,752
4,074,471
4,074,149
4,068,364
4,070,407
4,067,281
4,071,997
4,075,344
4,070,419
4,068,490
4,062,633
4,066,759
4,070,104
4,071,605
4,070,693
4,070,085
4,068,654
4,071,734
4,072,621
4,073,114
4,072,495
4,072,808
4,074,462
4,067,777
4,071,712
4,070,154
4,069,171
4,071,143
4,071,121
4,072,908
4,074,989
4,074,554
4,071,926
4,072,524
4,074,247
4,070,804
4,053,063
4,022,284
4,004,427
4,077,310
4,090,613
4,008,647
4,066,522
4,071,897
4,071,546
4,084,748
4,075,448
4,053,773
4,067,644
4,075,178
4,074,526
4,073,693
4,077,326
4,067,137
4,069,374
4,068,587
4,070,676
4,069,537
4,069,306
4,071,900
4,079,691
3,383,591
4,070,025
4,067,227
4,066,909
4,068,621
4,064,150
4,069,390
4,072,152
4,069,584
4,070,640
4,098,023
4,274,134
4,187,871
4,181,373
4,118,676
4,267,285
4,074,626
4,070,520
4,067,668
4,072,687
4,069,896
4,068,886
4,066,967
4,101,010
4,066,426
4,059,349
4,170,854
4,124,581
4,091,958
4,074,311
4,073,657
4,070,573
4,074,192
4,071,011
4,072,031
4,071,268
4,070,889
4,069,649
4,068,898
4,077,695
4,075,855
4,076,716
4,073,448
4,073,118
4,073,380
4,069,748
4,071,638
4,077,470
4,085,561
4,100,270
4,071,730
4,069,294
4,067,723
4,070,226
4,076,735
4,074,724
4,078,678
4,072,817
4,070,994
4,070,359
4,069,392
4,070,347
4,065,570
4,067,891
4,068,621
4,071,427
4,065,211
4,066,164
4,070,735
4,070,246
4,074,505
4,065,808
3,925,039
4,121,907
4,053,607
4,116,534
4,090,985
4,069,062
4,064,948
4,070,470
4,069,505
4,070,237
4,073,267
4,073,214
4,074,832
4,075,750
4,074,823
4,075,657
4,072,618
4,076,698
4,074,741
4,075,203
4,071,104
4,072,782
4,072,287
4,069,316
4,069,289
4,067,921
4,070,045
4,074,611
4,073,639
4,072,505
4,070,257
4,071,449
4,073,204
4,071,107
4,075,164
4,074,046
4,070,229
4,070,379
4,072,312
4,069,704
4,070,833
4,048,493
3,900,212
4,070,794
4,071,691
3,958,012
3,983,149
3,902,219
3,880,614
3,986,826
4,039,640
4,045,855
4,069,312
4,068,993
4,072,378
4,067,577
4,070,133
4,071,136
4,067,411
4,069,102
4,071,868
4,072,196
4,072,937
4,071,936
4,071,690
4,070,372
4,074,328
4,076,732
3,091,364
4,075,096
4,069,889
4,074,286
4,072,401
4,068,001
4,067,799
3,508,802
4,266,266
4,170,474
4,094,581
4,067,508
4,066,713
4,070,238
4,108,883
4,168,009
4,112,219
4,074,848
4,068,366
3,159,786
3,115,944
4,074,521
4,072,659
4,075,648
4,076,141
4,073,701
4,076,281
4,100,219
4,177,765
4,167,397
3,991,827
4,320,073
4,189,629
4,260,883
4,091,668
4,077,361
3,468,703
4,229,190
4,213,221
4,243,752
4,193,519
4,072,777
4,070,402
4,070,213
4,072,308
4,070,471
4,122,835
4,152,039
4,127,883
4,072,565
4,071,057
4,071,898
4,068,323
4,070,597
4,073,521
4,072,407
4,073,707
4,072,899
4,077,498
4,074,276
4,074,603
4,075,647
4,071,045
4,073,549
4,080,899
4,071,645
4,070,527
4,072,354
4,079,149
4,073,308
4,071,680
4,072,813
4,074,882
4,074,771
4,075,270
4,073,099
4,074,862
4,073,922
4,078,420
4,075,942
4,074,946
4,076,022
4,076,325
4,075,106
4,073,120
4,074,225
4,078,630
4,075,368
4,073,013
4,067,498
4,080,652
4,069,349
4,070,634
4,074,563
4,069,739
4,070,204
4,071,626
4,073,441
4,076,650
4,074,465
4,076,066
4,070,521
4,075,908
4,068,289
4,070,290
4,071,049
4,071,556
4,072,798
4,073,339
4,073,492
4,072,612
4,073,239
4,079,308
4,076,663
4,104,841
4,037,106
4,083,908
4,077,172
4,100,032
4,075,528
4,074,178
4,071,781
4,070,662
4,075,525
4,073,890
4,073,283
4,074,391
4,078,758
4,079,893
4,077,468
4,077,346
4,078,694
4,076,460
4,072,102
4,075,971
4,071,563
4,073,973
4,071,266
4,071,854
4,074,374
4,075,633
4,074,783
4,075,737
4,079,614
4,078,262
3,146,693
4,077,779
4,157,561
4,087,791
4,075,371
4,027,119
4,177,745
4,057,400
4,030,341
4,045,592
4,077,666
4,049,633
4,049,160
4,157,969
4,083,018
4,015,544
4,116,470
4,190,119
4,140,759
4,120,533
4,148,575
4,032,569
4,188,373
4,013,407
4,082,787
4,225,002
4,128,349
4,075,451
3,997,167
4,065,213
4,076,200
4,068,791
4,037,871
3,962,622
3,990,318
4,148,461
4,059,760
3,697,858
4,084,290
4,079,851
4,077,335
4,081,791
4,080,269
4,075,191
4,080,082
4,075,561
4,078,450
4,077,358
4,069,646
4,070,256
4,067,984
4,070,013
4,071,558
4,071,387
4,075,947
4,074,383
4,072,291
4,077,999
4,074,067
4,075,588
4,077,871
4,074,833
4,079,762
4,079,090
4,073,051
4,075,234
4,074,218
4,074,707
4,072,070
4,073,629
4,070,802
4,072,080
4,074,535
4,073,469
4,072,271
4,069,935
4,074,020
4,074,236
4,076,379
4,074,088
4,074,833
4,075,353
4,073,713
4,078,522
4,083,580
4,077,475
4,072,420
4,074,885
4,073,012
4,073,733
4,073,943
4,076,439
4,079,572
4,074,648
4,073,859
4,074,690
4,073,110
4,076,559
4,076,042
4,076,447
4,073,547
4,074,944
4,073,028
4,068,614
4,074,251
4,074,905
4,073,898
4,072,345
4,068,720
4,070,950
4,072,665
4,089,038
4,147,827
4,050,607
4,183,725
4,145,121
4,191,087
4,184,959
4,036,223
4,217,804
4,133,531
4,142,328
4,076,946
4,071,943
4,074,310
4,077,481
4,070,643
4,076,627
4,071,235
4,071,656
4,073,315
4,072,891
4,074,822
4,073,610
4,112,629
4,140,116
4,152,509
4,076,763
4,076,011
4,074,790
4,076,147
4,075,311
4,075,360
4,077,146
4,079,219
4,080,264
4,076,243
4,074,897
4,077,031
3,182,992
4,075,522
4,071,065
4,068,942
4,067,599
4,069,569
4,068,512
4,074,953
4,075,261
4,079,548
4,104,824
4,044,679
4,204,321
4,079,925
4,185,029
4,055,967
4,148,962
4,153,406
4,207,341
4,211,003
4,117,269
4,080,024
4,077,175
4,078,077
3,366,598
4,074,028
4,072,192
4,076,564
4,073,573
4,074,485
4,070,576
4,069,931
4,072,605
4,071,790
4,130,688
4,101,843
4,194,566
4,201,042
4,018,008
4,263,853
4,195,986
4,075,209
4,136,368
4,122,524
4,080,262
4,078,507
4,075,843
4,072,206
4,075,325
4,072,434
4,072,778
4,072,511
4,078,721
4,071,411
4,100,686
4,100,111
4,105,284
4,138,863
4,106,202
4,076,754
4,074,319
4,072,320
3,197,360
4,070,280
4,064,013
4,069,053
4,069,644
4,070,539
4,066,025
4,069,423
4,066,042
4,064,915
4,063,346
4,065,289
4,061,854
4,063,305
4,068,614
4,070,470
4,066,759
4,067,227
4,066,102
3,764,495
4,133,321
4,070,741
4,068,122
4,067,706
4,070,592
4,073,231
4,071,272
4,072,817
4,112,113
4,048,125
4,085,449
4,117,455
4,152,777
4,079,190
4,066,930
4,071,214
4,069,005
4,071,770
4,069,365
4,073,829
4,071,746
4,071,600
4,071,034
4,071,242
4,073,417
4,069,821
4,073,258
4,067,986
4,070,163
4,064,648
4,069,728
4,072,952
4,072,787
4,071,808
4,071,546
4,071,938
4,074,925
4,075,383
4,065,519
4,070,307
4,071,470
4,069,539
4,067,099
4,071,073
4,070,482
4,073,128
4,071,423
4,070,591
4,073,768
4,108,434
4,078,221
4,072,247
4,071,718
4,070,791
4,071,108
4,073,263
4,072,840
3,976,039
4,039,484
4,110,131
4,102,984
4,073,102
4,070,531
4,075,382
4,073,468
4,075,027
4,073,813
4,069,668
4,073,099
4,071,702
4,077,217
4,068,778
4,070,083
4,068,613
4,074,081
4,077,483
4,072,284
4,074,623
4,074,271
4,073,976
4,072,079
4,072,480
4,073,308
4,075,575
4,076,082
4,079,450
4,076,769
4,074,336
4,072,271
4,070,411
4,076,463
4,077,042
4,099,818
4,077,310
4,080,803
4,078,948
4,079,069
4,076,661
4,077,613
4,078,018
4,080,057
4,075,903
4,070,852
4,072,552
4,072,609
4,071,319
4,071,359
4,070,877
4,069,920
4,070,119
4,075,788
4,074,557
4,076,318
4,073,369
4,075,032
4,073,428
4,072,102
4,076,282
4,073,191
4,075,481
4,080,768
4,060,649
4,074,406
4,084,341
4,079,983
4,080,368
4,074,728
4,075,296
4,072,117
4,072,807
4,074,365
4,072,650
4,071,399
4,072,344
4,071,741
4,072,023
4,068,925
4,072,158
4,070,818
4,077,235
4,014,012
4,068,691
4,069,680
4,071,120
4,068,690
4,068,735
4,067,794
4,070,133
4,072,980
4,069,992
4,071,196
4,069,877
4,068,043
4,066,206
4,068,706
4,071,404
4,112,821
4,070,024
4,070,482
4,070,080
4,070,081
3,197,424
4,030,862
4,139,444
4,210,173
4,072,917
4,126,390
4,175,555
4,168,255
4,081,548
4,205,670
4,158,127
4,073,323
4,071,207
4,070,130
4,071,769
4,068,581
4,074,835
4,159,520
4,029,130
4,111,565
4,155,682
4,105,149
4,074,050
4,075,590
4,077,170
4,077,540
4,077,046
4,076,279
4,075,625
4,072,927
4,070,612
4,076,173
4,071,292
4,063,982
4,073,915
4,074,379
4,074,614
4,071,162
4,073,764
4,074,625
4,074,182
4,073,704
4,074,604
4,073,430
4,073,820
4,072,183
4,074,565
4,073,983
4,072,009
4,073,971
4,070,277
4,067,772
4,071,537
4,076,149
4,072,186
4,085,639
4,088,204
4,086,970
4,070,952
4,070,566
4,069,859
4,073,385
4,075,962
4,071,289
4,070,315
4,071,594
4,074,497
4,071,219
4,074,945
4,079,212
4,075,536
4,072,992
4,073,295
4,074,922
4,075,063
4,074,821
4,076,722
4,073,176
4,074,814
4,077,665
4,074,131
4,071,892
3,169,073
4,075,338
4,073,218
4,074,845
4,172,628
4,239,579
4,355,174
4,211,043
4,084,942
4,071,482
4,069,508
4,068,415
4,075,283
4,078,332
3,381,232
4,070,543
4,069,895
4,069,380
4,072,647
4,070,662
4,073,160
4,073,362
4,072,965
4,074,449
4,073,696
4,112,152
4,085,194
4,242,822
4,262,335
4,260,587
4,173,166
4,079,656
4,078,766
4,078,675
4,073,563
4,074,154
4,122,431
4,152,359
4,109,880
4,098,472
4,074,616
4,075,195
4,074,989
4,073,682
4,076,924
4,076,193
4,078,509
4,078,115
4,077,274
4,075,910
4,076,383
4,079,443
4,075,624
4,076,819
4,075,617
4,110,373
4,082,275
4,075,300
4,073,413
4,074,169
4,073,456
4,077,449
4,078,389
4,079,009
4,080,543
4,078,901
4,078,440
4,076,334
4,075,251
4,076,410
4,078,136
4,075,363
4,081,284
4,089,379
4,078,972
4,077,774
4,080,358
4,078,636
4,077,325
4,072,773
4,076,833
4,071,502
4,073,626
4,077,120
4,072,064
4,082,764
4,080,673
4,077,433
4,074,798
4,078,131
4,072,747
4,073,254
4,070,931
4,074,910
4,075,815
4,077,814
4,078,636
4,076,265
4,226,570
4,199,745
4,215,981
4,155,592
4,271,987
4,082,821
4,073,857
4,071,181
4,072,976
4,075,042
4,144,235
4,149,920
4,111,033
4,079,082
4,076,355
4,075,493
4,071,284
4,076,215
4,073,794
4,074,459
4,073,639
4,074,037
4,075,763
4,074,089
4,078,471
4,076,698
4,075,423
4,074,172
4,076,697
4,076,221
4,081,251
4,117,200
4,075,873
4,075,947
4,076,835
4,077,932
4,077,899
4,079,177
4,078,707
4,075,418
4,072,978
4,075,463
4,074,320
4,076,283
4,072,157
4,070,728
4,074,003
4,073,504
4,083,569
3,835,508
4,127,603
4,125,035
4,125,108
4,097,651
4,072,485
4,069,674
4,067,857
4,072,337
4,073,170
4,074,088
4,070,329
3,184,246
4,067,787
4,067,112
4,073,627
4,068,794
4,069,595
4,072,418
4,090,508
4,054,071
4,246,001
4,250,493
4,249,228
4,221,928
4,080,370
4,071,266
4,069,146
4,074,227
4,073,412
4,075,603
4,086,700
4,215,025
4,112,508
4,076,364
4,077,374
4,074,340
4,076,860
4,075,818
4,075,862
4,074,109
4,073,386
4,072,585
4,077,576
4,071,907
4,073,196
4,074,266
4,073,834
4,076,816
4,075,291
4,072,623
4,071,862
4,097,324
4,094,264
4,075,799
4,071,910
4,073,837
4,071,315
4,075,781
4,071,009
4,072,920
4,073,075
4,073,142
4,073,678
4,075,069
4,015,598
4,076,778
4,075,468
4,076,083
4,076,171
4,078,238
4,077,525
4,073,470
4,080,389
4,104,725
4,080,452
4,027,322
4,073,091
4,072,767
4,075,483
4,118,448
4,074,001
4,074,756
4,071,700
4,070,518
4,068,678
4,069,546
4,068,449
4,073,344
4,072,827
4,071,402
4,070,955
4,069,640
4,069,269
4,075,080
4,075,337
4,075,790
4,077,300
4,077,826
4,073,325
4,075,394
4,076,818
4,072,972
4,081,271
4,081,044
4,081,708
4,076,160
4,077,488
4,074,895
4,077,604
4,078,541
4,093,187
4,080,302
4,081,548
4,077,273
4,079,799
4,072,265
4,077,241
4,076,695
4,080,690
4,078,268
4,077,717
4,077,845
4,077,820
4,077,824
4,077,381
4,078,325
4,075,425
4,078,869
4,074,377
4,078,104
4,086,938
4,174,431
4,180,245
4,278,432
4,246,195
4,124,595
4,129,656
4,075,316
4,075,831
4,071,976
4,074,379
4,074,491
4,075,755
4,122,743
4,180,739
4,109,283
4,073,961
4,071,953
4,078,344
4,075,770
2,179,790
4,082,682
4,075,312
4,073,583
4,069,914
4,071,894
4,072,362
4,109,626
4,174,924
4,374,378
4,337,518
4,072,677
4,074,692
4,071,609
4,072,322
4,070,418
4,148,781
4,120,125
4,131,574
4,077,313
4,069,588
4,074,476
4,071,285
4,074,076
4,075,249
4,078,137
4,078,403
4,074,432
3,185,677
4,068,125
4,072,245
4,074,438
4,076,155
4,072,499
4,072,873
4,073,591
4,110,304
4,223,128
4,228,722
4,318,599
4,166,918
4,073,313
4,070,888
4,072,276
4,070,479
4,068,413
4,081,794
4,132,002
4,140,435
4,109,828
4,071,279
4,069,069
4,066,114
4,068,314
4,067,060
4,069,804
4,071,036
4,071,195
4,073,194
4,073,960
4,072,001
4,073,075
4,070,111
4,070,464
4,077,126
4,075,048
4,094,069
4,086,203
4,078,819
4,074,173
4,073,570
4,076,641
4,072,753
4,073,631
4,073,297
4,077,903
4,075,782
4,075,955
4,079,658
4,078,893
4,074,585
4,074,507
4,073,141
4,072,879
4,069,137
4,081,179
4,075,496
4,081,277
4,079,047
4,075,949
4,074,564
4,075,984
4,076,389
4,075,785
4,077,231
4,090,695
4,079,459
4,074,356
4,076,100
4,073,144
4,076,977
4,077,287
4,076,350
4,075,162
4,072,891
4,072,196
4,079,174
4,077,945
4,076,012
4,079,328
4,078,365
4,073,645
4,076,262
4,074,529
4,073,279
4,077,021
4,073,497
4,075,036
4,075,081
4,074,238
4,172,336
4,147,956
4,385,687
4,235,654
4,120,173
4,075,830
4,075,905
4,076,251
4,078,300
4,072,046
4,112,457
4,180,582
4,119,528
4,080,868
4,078,072
4,072,457
4,075,022
4,075,677
4,076,179
4,076,987
4,075,767
4,076,467
4,072,435
4,077,435
4,075,442
4,077,052
4,076,146
4,079,802
4,117,997
4,079,535
4,078,269
4,075,679
4,075,299
4,078,289
4,076,892
4,075,766
4,079,018
4,077,753
4,078,305
4,074,600
4,078,592
4,077,360
4,074,485
4,077,013
4,082,901
4,089,986
4,077,731
4,073,769
4,078,399
4,074,761
4,076,815
4,078,341
4,078,220
4,078,086
4,078,789
4,080,029
4,074,443
4,075,615
4,073,404
4,076,296
4,074,157
4,074,953
4,080,448
4,077,125
4,076,577
4,074,460
4,074,082
4,075,260
4,154,151
4,276,795
4,188,299
4,235,112
4,227,747
4,079,178
4,075,468
4,074,986
4,073,050
4,074,747
4,130,386
4,146,532
4,126,858
4,084,962
4,075,446
4,068,477
4,071,652
4,070,438
4,072,180
4,068,022
4,073,389
4,070,433
4,073,521
4,074,539
4,071,494
4,071,463
4,070,181
4,071,740
4,116,045
4,083,445
4,075,906
4,075,134
4,072,150
4,076,807
4,074,988
4,073,810
4,074,378
4,075,792
4,072,444
4,073,809
4,071,624
4,068,809
4,074,848
4,074,581
4,076,045
4,074,560
4,079,662
4,092,788
4,076,514
4,074,762
4,076,499
4,078,562
4,079,032
4,078,543
4,077,285
4,080,181
4,081,702
4,079,357
4,076,206
4,077,725
4,075,494
4,077,622
4,074,409
4,073,044
4,072,831
4,072,887
4,070,614
4,075,137
4,077,391
4,075,257
4,071,944
4,072,018
4,079,532
4,076,723
4,076,440
4,075,135
4,074,667
4,074,632
4,076,104
4,076,026
4,072,321
4,073,409
4,074,752
4,071,768
4,070,782
4,073,598
4,070,349
4,074,202
4,071,507
4,073,743
4,073,302
4,074,753
4,073,651
4,075,945
4,074,452
4,054,831
4,075,969
4,077,083
4,078,785
4,078,678
4,075,745
4,074,882
4,076,415
4,075,947
4,074,967
4,076,031
4,076,205
4,077,829
4,074,873
4,076,132
4,078,166
2,848,247
4,074,126
4,073,300
4,077,325
4,148,786
4,166,081
4,085,138
4,085,696
4,068,761
4,080,484
4,075,703
4,072,193
4,066,838
3,156,202
4,070,117
4,068,777
4,072,045
4,072,879
4,075,192
4,273,971
3,870,416
4,073,027
4,073,697
4,074,914
4,073,643
4,074,707
4,075,099
4,074,924
4,077,265
4,074,465
4,113,010
4,170,242
4,191,815
4,189,642
4,196,509
4,123,868
4,223,556
4,092,238
4,079,014
4,075,917
4,073,095
4,071,777
4,076,061
4,074,287
4,071,720
4,074,909
4,073,160
4,072,090
4,075,265
4,071,649
4,070,831
4,073,262
4,073,024
4,073,547
4,071,672
4,071,352
4,073,525
4,077,224
4,079,394
4,078,435
4,081,127
4,137,423
4,083,057
4,090,597
4,121,197
4,131,642
4,036,763
4,081,906
4,117,439
4,077,302
4,079,864
4,078,937
4,072,694
4,073,627
4,075,344
4,074,446
4,074,459
4,079,158
4,074,367
4,074,832
4,074,337
4,074,671
4,073,304
4,076,112
4,075,091
4,077,224
4,075,622
4,076,012
4,074,209
4,076,164
4,079,267
4,075,893
4,073,988
4,073,261
4,070,819
4,077,864
4,077,482
4,078,349
4,078,592
4,078,028
4,077,057
4,077,880
4,076,839
4,075,787
4,078,544
4,077,388
4,077,963
4,073,028
4,072,074
4,072,232
4,071,293
4,070,775
4,071,110
4,075,131
4,071,942
4,075,094
4,076,412
4,087,571
4,075,500
4,078,945
4,054,807
4,076,059
4,079,589
4,068,875
4,096,403
4,087,801
4,077,636
4,076,110
4,072,385
4,077,435
4,075,917
4,080,077
4,074,036
4,074,819
4,072,719
4,075,751
4,078,028
4,074,687
4,072,843
4,071,934
4,075,307
4,069,314
4,073,648
4,075,168
4,074,812
4,075,578
4,072,352
4,073,699
4,073,610
4,073,372
4,073,056
4,071,662
4,072,711
4,069,903
4,073,575
4,074,812
4,074,390
4,074,187
4,073,974
4,019,642
4,079,500
4,073,401
3,868,689
4,068,428
4,074,226
4,074,554
4,076,878
4,174,711
4,154,873
4,084,021
4,080,224
4,072,300
4,072,225
4,072,709
4,071,884
4,075,663
4,076,170
4,077,888
4,074,507
4,074,013
4,073,312
4,073,111
4,073,904
4,075,280
4,072,203
4,074,674
4,073,583
4,073,737
4,077,917
4,117,690
4,080,065
4,077,952
4,075,585
4,073,437
4,076,191
4,076,810
4,078,783
4,072,202
4,071,859
4,070,104
4,074,244
4,073,534
4,070,561
4,075,331
4,078,415
4,088,248
4,066,843
4,085,500
4,076,794
4,072,248
4,070,206
4,072,252
4,071,757
4,072,973
4,066,546
4,072,597
4,076,920
4,072,995
4,073,490
4,070,249
4,069,885
4,073,178
4,072,068
4,077,972
4,076,822
4,076,329
4,237,792
4,251,496
4,290,298
4,201,662
4,087,341
4,075,189
4,073,148
4,069,989
4,065,463
4,134,325
4,165,453
4,099,295
4,071,679
4,066,642
4,071,204
4,066,574
4,069,491
4,068,029
4,071,715
4,068,817
4,070,448
4,072,717
4,071,590
4,066,058
4,073,060
4,070,999
4,070,717
4,071,135
4,072,232
4,074,871
4,071,706
4,087,438
4,101,633
4,074,915
4,074,230
4,073,875
4,071,238
4,071,629
4,076,254
4,074,655
4,075,197
4,074,294
4,074,684
4,073,006
4,069,800
4,072,672
4,086,380
4,072,973
4,068,169
4,071,087
4,071,123
4,068,597
4,071,302
4,076,582
4,078,126
4,075,318
4,072,741
4,071,568
4,074,682
4,074,062
4,074,042
4,074,724
4,075,580
4,077,101
4,077,281
4,077,869
4,077,523
4,148,234
4,178,192
4,063,720
4,275,035
4,180,002
4,283,048
4,074,319
4,073,550
4,071,606
4,074,096
4,073,990
4,239,272
4,091,761
3,959,503
4,133,198
4,115,344
4,071,583
4,068,443
4,073,019
4,075,246
4,075,635
4,070,963
4,072,223
4,065,719
4,067,698
4,069,786
3,281,278
4,079,819
4,075,885
4,074,200
4,072,483
4,071,450
4,068,368
4,065,694
4,070,360
4,066,574
4,065,050
4,064,871
4,066,340
4,048,916
4,064,004
4,067,280
4,064,788
4,069,179
4,012,967
4,062,114
4,058,802
3,189,299
4,061,327
4,061,893
4,059,423
4,063,915
4,065,640
4,062,356
4,064,384
4,066,424
4,068,274
4,069,245
4,092,857
4,085,920
4,161,030
4,018,566
4,204,085
4,183,230
4,272,395
4,135,129
4,130,982
4,019,070
4,120,979
4,069,539
4,068,715
4,068,614
4,067,559
4,068,534
4,066,390
4,068,645
4,066,382
4,105,551
4,090,079
4,074,828
4,108,069
4,084,697
4,101,615
4,080,274
4,064,900
4,067,909
4,069,790
4,063,503
4,067,517
4,063,959
4,063,072
4,064,444
4,064,083
4,067,740
4,069,617
4,068,031
4,069,099
4,065,234
4,069,469
4,062,641
4,061,560
4,065,443
4,066,807
4,064,870
4,066,743
4,067,565
4,072,455
4,102,540
4,073,477
4,070,407
4,066,111
4,070,315
4,064,908
4,067,413
4,067,482
4,063,993
4,065,073
3,963,634
4,040,338
4,124,821
4,068,811
4,070,013
4,069,697
4,067,021
4,074,049
4,066,437
4,070,799
4,064,381
4,064,831
4,065,902
4,064,780
4,063,020
4,063,191
4,066,287
4,065,039
4,064,349
4,068,379
4,065,687
4,064,981
4,066,614
4,066,061
4,070,855
4,083,760
4,089,085
4,069,205
4,068,204
4,070,450
4,067,758
4,069,094
4,070,571
4,068,520
4,069,914
4,071,170
4,069,618
4,072,863
4,070,664
4,066,187
4,070,743
4,067,425
4,066,607
4,066,892
4,066,463
4,065,368
4,063,234
4,067,945
4,065,074
4,065,313
4,069,922
4,073,788
4,083,723
4,076,059
4,072,110
4,069,077
4,072,015
4,072,434
4,071,953
4,066,749
4,070,492
4,073,583
4,073,040
4,070,994
4,068,436
4,066,075
4,069,708
4,067,048
4,068,581
4,069,648
4,068,283
4,071,589
4,072,657
4,068,180
4,115,292
4,235,750
4,194,335
4,157,109
4,276,449
4,144,065
4,069,753
4,075,067
4,072,431
4,072,967
4,071,824
4,071,470
4,081,896
4,155,537
4,121,862
4,103,495
4,072,089
4,072,275
4,070,498
4,066,895
4,066,741
4,065,744
4,066,737
4,068,128
4,066,296
4,060,746
4,061,521
4,063,367
4,064,667
4,065,431
4,067,559
4,065,214
4,060,946
4,062,835
4,106,510
4,067,825
4,064,555
4,063,073
4,064,325
4,061,483
4,064,396
4,064,604
4,065,588
4,066,526
4,067,120
4,066,747
4,063,738
4,063,486
4,065,258
4,066,891
4,064,919
4,063,872
4,065,979
4,061,574
4,063,352
4,064,361
4,062,668
4,063,206
4,065,743
4,074,667
4,068,272
4,065,285
4,066,437
4,045,956
4,066,629
4,066,756
4,067,379
3,837,748
4,061,779
4,061,159
4,062,449
4,061,450
4,066,220
4,064,964
4,064,968
4,067,407
4,073,604
4,059,644
4,088,210
4,079,345
4,038,243
4,069,185
4,063,657
4,062,228
4,088,621
4,077,287
4,076,357
4,038,296
4,066,829
4,088,543
4,030,547
4,097,597
4,054,628
4,057,577
4,073,532
4,036,006
4,063,763
4,068,075
4,066,529
4,066,987
4,067,081
4,064,179
4,064,579
4,064,691
4,064,245
4,064,281
4,063,752
4,060,641
4,066,652
4,066,273
4,066,423
4,066,653
4,067,152
4,067,932
4,066,626
4,070,560
4,069,120
4,065,400
4,064,051
4,062,228
4,063,138
4,064,070
4,062,634
4,067,119
4,069,189
4,067,788
4,067,247
4,065,927
4,065,920
4,065,018
4,064,800
4,063,995
4,064,289
4,063,831
3,357,456
3,093,795
4,067,494
4,065,647
4,067,939
4,073,577
4,070,627
4,069,648
4,068,806
4,068,351
4,068,053
4,065,960
4,071,953
4,069,751
4,090,125
4,077,119
4,103,791
4,052,695
4,100,551
4,038,384
4,091,638
4,175,382
4,124,843
4,174,320
4,150,932
4,197,271
4,101,265
4,192,321
4,073,219
4,068,619
4,070,449
3,359,284
3,105,261
4,071,124
4,070,873
4,067,562
4,070,246
4,067,024
4,067,322
4,067,446
4,070,549
4,148,282
4,236,300
4,213,293
4,286,429
4,157,368
4,066,495
4,063,045
4,064,399
4,092,518
4,203,408
4,088,767
4,065,129
4,063,727
4,065,372
4,066,850
4,069,261
4,069,486
4,068,130
4,069,558
4,072,560
3,164,749
4,070,638
4,068,884
4,071,840
4,072,973
4,071,373
4,068,918
4,067,537
4,068,788
4,070,097
4,068,432
4,070,119
4,066,527
4,070,318
4,070,667
4,070,872
4,066,940
4,078,354
4,061,603
4,121,358
4,046,717
4,087,104
4,080,012
4,088,839
4,123,067
4,053,729
4,095,559
4,204,771
4,032,727
4,133,935
4,110,497
4,086,185
4,021,122
4,119,619
4,049,866
4,052,690
4,121,841
4,100,779
4,181,953
3,948,047
4,079,971
4,008,168
4,085,531
4,154,743
4,014,054
4,087,663
4,036,583
4,072,042
3,987,059
4,084,101
4,034,081
3,982,545
4,106,584
4,107,881
3,979,582
4,115,941
3,958,614
4,094,384
3,997,358
4,070,569
4,082,432
4,050,193
4,083,195
4,053,679
4,082,675
4,076,892
4,189,971
4,069,753
4,045,347
4,075,988
4,009,775
4,099,144
4,089,169
4,082,716
4,124,117
4,120,191
4,114,752
4,099,405
3,993,191
3,998,217
4,141,040
4,102,899
4,043,793
3,978,226
3,957,059
4,084,875
4,109,877
4,083,994
4,014,167
4,031,671
4,098,888
4,069,394
4,084,183
4,050,143
4,077,252
4,104,723
4,117,275
4,189,353
4,028,367
4,079,155
3,893,632
4,072,988
4,091,533
4,102,472
4,126,285
3,978,625
4,108,064
4,039,062
4,068,084
4,058,752
4,051,366
4,119,209
4,083,334
4,037,071
4,066,900
4,100,506
4,125,856
4,010,074
4,066,350
4,077,248
4,005,226
4,070,323
4,069,251
4,074,306
4,139,202
4,083,689
4,004,697
4,182,796
4,039,759
3,969,537
4,072,444
4,075,546
4,069,521
4,078,264
4,076,970
4,070,883
4,070,617
4,070,565
4,070,255
4,071,681
4,072,406
4,070,584
4,070,133
4,071,543
4,069,937
4,068,045
4,073,139
4,073,616
4,077,055
4,097,193
4,083,532
4,084,817
4,064,826
4,068,300
4,064,169
4,166,547
3,944,451
4,104,364
4,079,281
4,090,555
4,036,225
4,086,559
4,076,597
4,052,480
4,083,644
4,162,908
3,925,879
4,072,139
4,071,737
4,071,303
4,072,818
4,068,358
4,069,560
4,072,978
4,070,417
4,070,002
4,071,385
4,106,950
4,066,917
4,122,229
4,079,115
4,172,533
4,155,410
3,990,157
4,087,555
4,163,518
4,028,706
4,037,016
4,087,076
4,101,986
4,072,356
4,094,109
3,902,629
4,132,573
4,199,951
4,109,169
3,959,735
3,979,469
3,962,514
4,163,469
4,077,984
4,112,934
4,042,196
4,006,413
4,029,629
4,100,485
4,095,479
4,062,821
4,150,271
4,116,592
4,023,508
4,107,226
4,082,127
4,026,946
4,041,222
4,217,338
4,118,061
3,994,238
4,063,241
4,051,569
4,049,633
4,148,828
4,086,523
4,153,420
4,029,773
4,102,992
4,066,582
3,979,186
3,990,435
4,105,691
4,127,642
4,056,067
4,203,793
4,042,602
4,074,685
4,076,453
3,935,797
4,067,877
3,865,614
3,863,336
4,087,009
4,073,896
4,065,505
4,061,321
4,071,843
4,078,335
4,071,317
4,127,747
4,024,248
4,061,833
4,028,124
4,131,106
4,066,037
4,059,059
4,020,658
4,116,937
4,063,909
4,085,213
4,079,776
4,090,542
4,104,700
4,091,046
4,070,792
4,095,194
4,057,062
2,933,375
114,586
427,754
278,608
310,443
348,152
331,134
398,106
470,150
252,906
8,324
