0.050121942,30892607,
0.100337685,31011810,
0.150455857,31610517,
0.200622041,30775028,
0.250737962,30302069,
0.300855201,29600201,
0.350976798,30445180,
0.401141722,31611885,
0.451260791,34950244,
0.50142264,36282926,
0.551535171,35173132,
0.601695865,35271763,
0.65185433,34754292,
0.702009666,35086700,
0.752169275,35639936,
0.802333795,34604026,
0.852489549,35934834,
0.902618513,34648991,
0.9527828,34876880,
1.002898804,34415715,
1.053065141,34467687,
1.10323206,33686711,
1.15340178,30127524,
1.203523703,33599977,
1.253688027,40830735,
1.303805888,41116529,
1.353978846,41078471,
1.404144228,35966037,
1.454306206,34327956,
1.504469791,36190732,
1.55462769,36396695,
1.604785008,36173067,
1.654891949,35377520,
1.705025369,35475121,
1.75519965,34935745,
1.805365086,34448631,
1.855533045,33021165,
1.905648474,34888855,
1.955813404,35664428,
2.005977791,36120011,
2.056141841,35862227,
2.106322409,35596819,
2.156495617,33974831,
2.20666107,34789239,
2.256834098,34680428,
2.307001495,34848437,
2.357161137,34450080,
2.407342319,35383187,
2.457512683,34150937,
2.507682495,34943659,
2.5578538,34853417,
2.608030343,35193097,
2.658197731,34754818,
2.708374409,34662812,
2.75854023,34762408,
2.80870834,34121929,
2.858876301,33973341,
2.909062372,34308028,
2.959236222,35207445,
3.009410195,34475510,
3.059578815,35364900,
3.109747897,31850299,
3.159917175,35477924,
3.210088011,35895429,
3.260268867,35514530,
3.310436638,35398039,
3.360603547,35231987,
3.410786888,35636473,
3.460954724,35428287,
3.511121817,35160294,
3.561289883,35319552,
3.611429504,35202162,
3.661609726,35774179,
3.711795239,35854522,
3.761978036,35748535,
3.812144455,35419912,
3.862344911,35663385,
3.912528833,35456699,
3.962717402,35340073,
4.012845151,35711498,
4.062968415,36026986,
4.11309618,34079305,
4.16327073,31994648,
4.213403432,33267012,
4.263578825,33506273,
4.313708006,32015169,
4.363838196,31561194,
4.414015175,31909567,
4.46418718,35042090,
4.514306015,34456240,
4.564481253,30735841,
4.614604942,30062551,
4.66477714,28888488,
4.714907795,28653777,
4.765092312,29417862,
4.815211928,33310897,
4.865382431,36766784,
4.915506451,33514483,
4.965672019,32916234,
5.015846475,32394295,
5.066081745,33970979,
5.116266542,33707707,
5.166397504,34764287,
5.216573796,32499828,
5.266706258,34693982,
5.316877501,32839405,
5.367002806,34140036,
5.417192551,24213887,
5.467381632,20167559,
5.517501851,21373052,
5.567611991,33178425,
5.617725426,33535666,
5.667842651,33866053,
5.717966048,35376208,
5.768070389,38091569,
5.818193765,33632942,
5.868306132,34076952,
5.918422001,32443709,
5.968532075,34066673,
6.018649104,33998398,
6.068761207,31697999,
6.118872556,34699487,
6.168988564,33917871,
6.219103498,32749943,
6.269220314,33128565,
6.319325442,34421172,
6.369462582,34165277,
6.419569251,33628466,
6.469671656,34899664,
6.519787024,32893329,
6.569888824,34646258,
6.620004862,30197080,
6.670123289,30445015,
6.72023428,33188050,
6.770337156,35436684,
6.820439179,34681008,
6.870542805,34290236,
6.920647988,34668206,
6.970765569,32475759,
7.020879422,34471510,
7.070990917,35547792,
7.121097227,34775804,
7.171222954,34204259,
7.221327958,35629392,
7.271434765,34158762,
7.321538493,34734852,
7.371650305,33617727,
7.421766775,33953785,
7.471872835,33097198,
7.521982966,32419917,
7.57208257,32812665,
7.622204634,32419228,
7.672348347,32743742,
7.722456992,33448041,
7.772574456,33401873,
7.822674204,33049357,
7.872783375,33014477,
7.922893081,33934677,
7.972999801,33898393,
8.023106286,35141541,
8.073217156,35487442,
8.123324917,32942110,
8.173431784,35573828,
8.223539627,34238038,
8.27365233,34990216,
8.323754073,33486403,
8.373880533,36444959,
8.423978822,33837061,
8.474080218,35000874,
8.524191142,33770452,
8.574268719,34332191,
8.624378567,34583683,
8.674509979,34609648,
8.724630875,34116290,
8.774732743,33601672,
8.824840299,35007921,
8.874948675,34668723,
8.925053686,35643542,
8.975158128,35385205,
9.025264302,34642587,
9.075380215,35664041,
9.125479107,34641979,
9.17559364,35032701,
9.225706941,35889438,
9.275815996,35406089,
9.325927728,35601752,
9.376030882,35585337,
9.42613229,34428979,
9.476243614,35278195,
9.526346432,35707376,
9.576450799,35718428,
9.626559904,35357393,
9.676661727,35732040,
9.726783636,35493715,
9.77689662,35312286,
9.827002139,35259311,
9.877107915,35269560,
9.92721392,35512746,
9.977318607,35227796,
10.027425129,35595539,
10.077533832,35772478,
10.127638395,34886650,
10.177750552,34178227,
10.227870915,35793370,
10.277975508,33465416,
10.328097837,32488784,
10.378204923,34029503,
10.428318815,34487519,
10.478423533,34343018,
10.528525994,34480976,
10.578627929,34595759,
10.628764205,33430756,
10.678880412,37365047,
10.728988249,35087436,
10.779104023,35120242,
10.829207534,33184778,
10.879313074,34352093,
10.92941507,34295786,
10.979516062,27286618,
11.029626517,35298918,
11.079724843,35746193,
11.129831981,34710228,
11.179941375,35373174,
11.230039681,35853432,
11.280142999,34781961,
11.330250196,37154959,
11.380362705,35525672,
11.430470822,34764821,
11.480571635,36785709,
11.530683449,44983131,
11.580793316,45277019,
11.630903025,44474952,
11.681021415,41843924,
11.731134615,33288665,
11.781246257,42246435,
11.831353002,40998244,
11.881459303,30656927,
11.931566451,30016781,
11.981681442,29782295,
12.031788023,29678972,
12.081894578,29695650,
12.132005373,29672610,
12.182109099,29644421,
12.232209538,29646262,
12.282332579,29629829,
12.332440516,29944469,
12.382543114,32332673,
12.432645838,33842024,
12.482755564,33201902,
12.532869193,33851757,
12.582974651,34995523,
12.633087567,32068124,
12.683196967,28276553,
12.733308185,34121497,
12.783417443,34287993,
12.83355046,34132961,
12.883656865,33620072,
12.933766839,36972708,
12.98388734,32237963,
13.033996609,34610006,
13.084104904,35187846,
13.134208608,34479723,
13.184324627,34068195,
13.234432277,32547255,
13.284562093,31064537,
13.334665434,33563976,
13.384791378,35535331,
13.434906961,35099240,
13.485010947,35280149,
13.535115164,35496222,
13.585222797,35663106,
13.635329179,35030776,
13.685437924,29244218,
13.73554575,31333014,
13.785656112,33739160,
13.835761809,30844751,
13.885866452,31647161,
13.935961234,35181700,
13.986071825,34977912,
14.036184589,35222269,
14.086290995,35178294,
14.136394272,36105243,
14.18649713,30659766,
14.236601225,34551133,
14.286710565,35434829,
14.336819657,35434799,
14.386925996,35436441,
14.437031602,35224269,
14.487129221,35667083,
14.537242024,37203531,
14.587345832,35937535,
14.637463486,34513015,
14.687584849,35788901,
14.737691359,34717202,
14.787803549,34988832,
14.837920409,35234486,
14.8880253,34916024,
14.93812678,36939852,
14.988232709,36264464,
15.03833942,35794219,
15.088450952,35617930,
15.138553664,31859949,
15.18865817,36623588,
15.238764425,36469691,
15.288865817,34468975,
15.338975481,35073881,
15.389075079,34973767,
15.439196376,35575939,
15.489301504,35480029,
15.539410467,36023230,
15.589515885,36024817,
15.63962865,35254016,
15.68973627,35219575,
15.739844435,35650669,
15.789961503,35081829,
15.840070362,33905034,
15.890169077,33465674,
15.940271044,35036273,
15.990382308,33378742,
16.040512697,34638635,
16.090620043,34813363,
16.140726171,34768019,
16.190830654,35142233,
16.24093822,35388934,
16.291044798,35119633,
16.341149991,35241564,
16.39125526,35028840,
16.441363315,34884845,
16.491472416,34817954,
16.54158645,35149726,
16.591686944,35193647,
16.641794808,35518771,
16.691911255,35319598,
16.742039173,35601705,
16.792147121,35815446,
16.842258311,35712830,
16.892392631,35869787,
16.942494933,35663015,
16.992602553,36854488,
17.042722643,36369694,
17.092833282,36819195,
17.142947409,36331214,
17.193060039,36808167,
17.243162814,36638417,
17.293278115,36254613,
17.343385694,35943994,
17.393498694,36268045,
17.443612513,36319741,
17.493748535,36070196,
17.543855124,36211043,
17.593965998,33407386,
17.644077893,32696304,
17.694185442,30562962,
17.744311836,29845071,
17.79441916,28866614,
17.844533961,28877248,
17.894643845,28641335,
17.944755059,29331484,
17.994861039,28830234,
18.04497454,32392615,
18.095080772,34014497,
18.145191825,30617637,
18.195298001,29622709,
18.245410607,30016556,
18.295517639,31080392,
18.345626737,30767294,
18.395724167,32802099,
18.445829792,34955675,
18.49593816,34902505,
18.546056445,34056089,
18.596163926,30106885,
18.646341323,29726373,
18.696475254,32073999,
18.746610347,31626258,
18.796743342,30704792,
18.846834417,31807401,
18.896980909,21839275,
18.947105833,21693873,
18.997278834,22151448,
19.047411112,22641688,
19.097529187,29931399,
19.147699613,30492618,
19.197818561,30988859,
19.247985638,31197714,
19.298138795,31007460,
19.34829743,30579980,
19.398405982,31238779,
19.448560993,32069197,
19.498719858,32450566,
19.548872914,30745163,
19.599033526,31758206,
19.649194437,31515906,
19.699307218,30722734,
19.749467233,30894593,
19.799623581,32351092,
19.849776742,31897285,
19.899935756,30745076,
19.950094882,30960929,
20.000263306,31316715,
20.050427678,36362473,
20.10059391,36249043,
20.150757267,32088834,
20.200923514,39576361,
20.251035709,32270368,
20.301210992,31431474,
20.351374688,30554150,
20.401546634,29135698,
20.45170581,29455627,
20.501865146,32745961,
20.552023281,33057372,
20.602179528,34731599,
20.652334334,37357781,
20.702445141,36583637,
20.752553031,36643344,
20.80271078,36557121,
20.852864238,36328334,
20.902974969,33839233,
20.953128059,34108398,
21.003243809,34487464,
21.053397155,34350911,
21.103559504,35275884,
21.153722121,34535894,
21.20387614,34140799,
21.254032108,34119737,
21.304186916,34253361,
21.354352144,34209825,
21.404510748,33796581,
21.454612786,34387693,
21.504770819,36947951,
21.55492824,39426531,
21.605087827,43191695,
21.655247303,37052541,
21.705404275,37147229,
21.755513329,37692725,
21.805670336,36396324,
21.855823997,37000497,
21.905979647,36319977,
21.956134803,35102165,
22.006294483,35731880,
22.056450654,33944895,
22.106607662,35346738,
22.156766286,34919761,
22.206919463,34069014,
22.257074536,35798793,
22.307236667,35445187,
22.357391048,36106098,
22.407543776,35219163,
22.457742781,34545435,
22.507897993,35874596,
22.558057816,37170560,
22.608214683,34949152,
22.658376737,35105519,
22.708538281,35327133,
22.758694655,34997289,
22.808798829,34912656,
22.858907751,34533107,
22.909018695,34870425,
22.95912805,34275200,
23.00928379,34728217,
23.059440676,35133161,
23.109599109,35961744,
23.159758247,36871020,
23.209914621,36468844,
23.260072441,36168425,
23.310228013,35914728,
23.360403279,37143383,
23.410556656,36497380,
23.460708965,36292431,
23.510866539,34707464,
23.561021618,37319608,
23.611176533,37211373,
23.66133205,35913884,
23.711484972,35408337,
23.761637768,34790376,
23.811789666,34796253,
23.861944103,34881924,
23.91206605,34467946,
23.962227142,34616126,
24.012405179,35528894,
24.062559531,34496955,
24.112720053,37071988,
24.162877631,35190707,
24.213033394,36317730,
24.263187925,36032964,
24.313352523,39364244,
24.363538249,35877362,
24.413692386,36774720,
24.463846726,37659903,
24.514003451,37846469,
24.564158977,36593600,
24.614324056,36451083,
24.664486455,35543737,
24.714602207,36222438,
24.764761523,36815483,
24.814915789,37782698,
24.865073952,38171444,
24.915191784,36129343,
24.965350166,36524457,
25.015462099,36907270,
25.065621471,37727589,
25.115774475,38193248,
25.165933753,47308861,
25.216087805,48017576,
25.266272031,49594148,
25.316426262,48692621,
25.366534284,48778743,
25.41668985,49340780,
25.466847792,38582904,
25.516999045,37420759,
25.567108008,35203042,
25.617268598,26211192,
25.667381903,33032451,
25.717540106,36810690,
25.767695004,37341839,
25.817849478,37629198,
25.86800357,37894837,
25.918164011,35921872,
25.968322136,33459126,
26.018475855,33634284,
26.068631284,34464960,
26.118788845,36831892,
26.168947776,34509598,
26.219104171,30833001,
26.269261006,33181636,
26.319417828,32750469,
26.369570986,32280640,
26.419730833,33929617,
26.469888417,31998990,
26.520041701,31108262,
26.570194353,31685265,
26.620349674,30554875,
26.670457668,31155991,
26.720609789,30915510,
26.77071743,31990224,
26.820874637,33910416,
26.871034823,36003913,
26.92119373,33789065,
26.97130386,32630416,
27.02146059,32866127,
27.071616967,33941465,
27.121770884,33683383,
27.171924071,33749393,
27.222081097,34237755,
27.272237509,33347411,
27.322397806,33808626,
27.372552931,33475063,
27.422712814,33681959,
27.472869133,34032128,
27.523023339,33441384,
27.573176197,33821375,
27.623331515,33456925,
27.673490148,33864402,
27.723651394,33569868,
27.773805884,33064927,
27.823962914,31194255,
27.87412016,31346536,
27.924278126,31042167,
27.974391409,31378828,
28.024551496,31007778,
28.074706674,31383585,
28.124865008,33659488,
28.174980473,34509860,
28.225136521,30934661,
28.275299005,25478322,
28.325459923,31498097,
28.375571605,35529585,
28.425729565,37659506,
28.475884178,33877494,
28.526038866,34952929,
28.576195808,33267449,
28.626303562,34449030,
28.676393542,59592722,
28.72647728,63042823,
28.776557945,46467682,
28.826643884,43901594,
28.876740679,30819495,
28.926850013,99992783,
28.976940963,97076125,
29.027030527,100650186,
29.07711945,73097740,
29.127203755,65431364,
29.177346754,25957985,
29.22749685,81162802,
29.27774058,1215285653,
29.327997558,1064865770,
29.378180186,46662495,
29.428370316,53128498,
29.478543483,52708396,
29.528707757,46942923,
29.578888388,42932181,
29.629057848,43011368,
29.679229626,44172329,
29.729417281,41084558,
29.779615461,58160229,
29.829800884,45509158,
29.879973012,46690843,
29.930153906,48155507,
29.980340233,48576041,
30.030518019,57190040,
30.080705222,48477810,
30.130892764,51326722,
30.181088445,21616976,
30.231298011,49193801,
30.28150042,48913115,
30.331691833,54715743,
30.381878139,47712848,
30.432061274,66994881,
30.482238618,63865614,
30.532451431,17622843,
30.582660161,55828919,
30.632861289,74989365,
30.683052423,46921073,
30.733235187,56861697,
30.783417747,23846552,
30.833615353,53581592,
30.883767187,92336391,
30.933932334,161076487,
30.984162628,149064032,
31.034361706,148657702,
31.08456071,148721250,
31.134766057,149418605,
31.184962094,150756296,
31.235170402,151851716,
31.285369968,150994040,
31.33557568,152074112,
31.385789323,151574052,
31.436007641,150693946,
31.486217137,153173544,
31.53643044,153239200,
31.586622385,152244110,
31.636831561,153111362,
31.687041347,152294064,
31.737273778,154065857,
31.787476221,151743570,
31.837679375,153778918,
31.887892927,152934913,
31.938110566,152268545,
31.988332163,153072094,
32.038536617,150622477,
32.088743779,151475587,
32.138947461,150527798,
32.189184429,151916520,
32.239421428,153473914,
32.2896324,150755834,
32.339844451,151672221,
32.390062504,151989824,
32.440280586,151410588,
32.490520273,152808790,
32.540724487,151949198,
32.590940615,151663091,
32.641150448,150585407,
32.691395336,151390506,
32.741618711,152018666,
32.791831967,152834449,
32.842053196,152170577,
32.892278154,148425142,
32.942485287,147125921,
32.992718171,148062807,
33.042929655,147298642,
33.093147879,148916844,
33.143362208,147124088,
33.193571362,146439848,
33.243781151,145519856,
33.293996053,146381673,
33.344232529,148683721,
33.394443566,148848603,
33.444659069,148447183,
33.494870994,148207755,
33.545086238,147301453,
33.595293757,147790260,
33.645544581,144633555,
33.695788009,147869474,
33.74602316,148400359,
33.796251319,146736560,
33.846474789,148502344,
33.896698943,148393861,
33.946933822,146103982,
33.997166996,149005896,
34.047372173,147591261,
34.097590309,146821195,
34.147814901,147832260,
34.198031776,144046224,
34.248265172,143338465,
34.298477605,145036793,
34.348700056,144643566,
34.398940897,143186220,
34.449158744,145784102,
34.499400019,143920923,
34.549622191,144058214,
34.599836217,144563912,
34.650068928,143671833,
34.70028062,144898376,
34.750507825,144350905,
34.800732622,144935005,
34.850961364,143970188,
34.901183167,144140006,
34.951407,145345676,
35.00162548,143703441,
35.051861055,144642213,
35.102076389,145202294,
35.152304905,144531687,
35.202517545,145061333,
35.252738932,148194420,
35.30295557,144289072,
35.353149865,143930736,
35.403378306,144135821,
35.453596649,144334084,
35.503830265,144730834,
35.554052023,144008655,
35.604311699,145876438,
35.65453758,144605859,
35.704737458,144483710,
35.754958426,144816483,
35.805176922,143916226,
35.85539254,144515075,
35.905639904,142794446,
35.955896394,145401938,
36.006149541,143287150,
36.056388007,144838293,
36.106601889,145190252,
36.156840423,144371529,
36.207073408,145678226,
36.2573182,144867004,
36.307593792,145723112,
36.357823428,145652891,
36.408048996,144162827,
36.458295342,144857040,
36.508536152,144999813,
36.558771417,144527430,
36.608994477,143662243,
36.659253687,145814206,
36.709494007,144972562,
36.759738506,143580039,
36.809988384,145223567,
36.860232083,144712780,
36.910458313,145400926,
36.96068794,144220712,
37.010896887,145483409,
37.061128148,145582765,
37.111346041,143747462,
37.161575522,145595189,
37.211821001,144437623,
37.262056733,145253345,
37.312293058,143589454,
37.362544,145224239,
37.412774986,145840057,
37.463012417,143503103,
37.513259728,144874092,
37.563528957,145002193,
37.613754529,145179060,
37.663994252,143915532,
37.714238916,145488480,
37.764481271,143846665,
37.814682719,145405292,
37.864932711,145277020,
37.915172603,143853834,
37.965403035,144740775,
38.01564934,144475976,
38.065912601,146644886,
38.116141509,143634451,
38.166379976,144975024,
38.216613644,145175905,
38.266868008,144364420,
38.317106643,145172444,
38.367353299,143814362,
38.417577,145108885,
38.467811608,144903818,
38.518137386,145164052,
38.568380631,145299077,
38.618611491,145078715,
38.66884566,145459280,
38.719083519,144937260,
38.76932158,144473020,
38.819566035,143735327,
38.869840636,145574077,
38.920079954,143906178,
38.970318481,144854669,
39.020540453,145163052,
39.070763247,145412780,
39.120987047,145661131,
39.171219426,144149376,
39.22145663,145288328,
39.271698396,146759263,
39.321927049,145059539,
39.372151753,145022521,
39.422381084,144445917,
39.472638007,145721662,
39.522863401,146013527,
39.573082939,144675546,
39.623305794,145182252,
39.673547791,145204157,
39.723786509,145215041,
39.774022026,143997274,
39.824250981,145703308,
39.874487132,145621393,
39.924723367,144772807,
39.974946817,144970635,
40.025177537,143864490,
40.0754227,144550261,
40.125647833,145001575,
40.17587841,145994049,
40.226146505,144326848,
40.276398159,144789115,
40.326623021,145297003,
40.376839038,143553016,
40.427064203,144975497,
40.477292194,144482113,
40.527528225,144950271,
40.577764996,144478721,
40.628032079,145768980,
40.678266462,143384336,
40.728493069,145661337,
40.778721406,144741846,
40.828954187,144774600,
40.879191396,145986843,
40.929417607,145795797,
40.979641309,145096348,
41.029865395,144910971,
41.080101844,146091038,
41.130328183,145123004,
41.180613217,143937392,
41.230837262,145376872,
41.281101237,148657801,
41.331339036,144605994,
41.381573627,144406966,
41.431792481,145444203,
41.482020927,145746507,
41.532240097,145596335,
41.58245154,143628499,
41.63267679,146134135,
41.682890692,146280946,
41.733110989,143609763,
41.783338909,145922694,
41.833566196,144848055,
41.883795329,144906192,
41.934012571,144714200,
41.984248038,144252930,
42.034467805,145847131,
42.084674926,144242742,
42.134900256,145647433,
42.18514066,144063576,
42.235368588,145858615,
42.285595014,143850057,
42.335875391,145357272,
42.386088812,144392236,
42.436300524,145439461,
42.486522519,144006749,
42.536759236,144908003,
42.586978532,145131501,
42.637206456,143970757,
42.687440427,145799260,
42.737654637,143827705,
42.78796598,146153230,
42.838185959,145071008,
42.88841271,143857526,
42.938633143,144684030,
42.988860687,144791849,
43.039085948,145294371,
43.089309365,143936893,
43.13953571,144857083,
43.189747398,145586092,
43.239955339,144530843,
43.290207679,145690579,
43.340456584,144317565,
43.39068855,145863964,
43.440931078,144019327,
43.491167941,145153041,
43.541390588,144508708,
43.591692482,146782358,
43.641904277,145308336,
43.692146242,144660170,
43.742368978,145970452,
43.792592644,144661238,
43.842812928,144900418,
43.893051068,143900324,
43.943281048,145269950,
43.993505473,145741251,
44.043720803,144897155,
44.093964095,145633725,
44.144219124,144685440,
44.194443711,144784218,
44.244692515,143920965,
44.29490957,144247649,
44.345126798,143932186,
44.395377994,145185643,
44.445599891,145655928,
44.495812146,144012608,
44.546036959,145981265,
44.596263621,144346366,
44.646495978,144599290,
44.696729306,144852851,
44.746968531,145058660,
44.797182529,143482435,
44.847395863,144985461,
44.897615775,149548938,
44.947846497,147278816,
44.998081298,146055930,
45.048314758,146340050,
45.098536039,143140771,
45.148763897,145500207,
45.199012387,144563583,
45.249229614,145756823,
45.299455452,144509530,
45.349688063,145325878,
45.3998989,144360253,
45.45020877,144889555,
45.500430183,146440372,
45.550661037,144981722,
45.600919002,145963679,
45.651146964,144939658,
45.701362618,145413296,
45.751580181,144602085,
45.801797899,145233376,
45.852028673,145391492,
45.902257719,144493341,
45.952473143,145809638,
46.002687222,144338551,
46.052913037,145183713,
46.103160036,144632417,
46.153387681,145703651,
46.203612305,144350452,
46.253835945,145496701,
46.304047804,145830196,
46.354316339,144279091,
46.404549625,145278329,
46.45478664,145065617,
46.505007567,145291088,
46.555242625,144325033,
46.605480156,146078250,
46.655715568,143812012,
46.705942466,146642296,
46.75616034,145135077,
46.806398023,144145379,
46.856645003,146110772,
46.906883809,145124316,
46.957100635,145924640,
47.007332598,143642273,
47.057548904,145059588,
47.107784394,144111828,
47.158002316,145805764,
47.208233596,145461128,
47.258437426,145078389,
47.308668251,145395192,
47.358893457,144104340,
47.40910753,145031842,
47.459348859,144124133,
47.50957286,144580380,
47.559784559,144484776,
47.610019459,146535368,
47.660239662,145226566,
47.71044827,144709637,
47.76068041,144727893,
47.810924377,145393233,
47.861162842,145366331,
47.911378558,144841031,
47.961647863,144998102,
48.011866468,143199494,
48.062088117,144976124,
48.11233169,143914515,
48.162541156,146229444,
48.212763895,145845333,
48.262987878,144702289,
48.313222337,145616116,
48.363457248,139988657,
48.413667863,81837101,
48.46383914,127264254,
48.514044857,148295154,
48.564268016,147446707,
48.614516456,144913067,
48.664750842,143254885,
48.715004672,144376788,
48.765226232,144254076,
48.815448716,143898237,
48.865672875,144736912,
48.91591314,144514686,
48.966147108,144465196,
49.016387147,143506721,
49.066626981,144654459,
49.116845317,143870973,
49.167159195,145175097,
49.217384409,144504372,
49.267602656,142870786,
49.31784035,145442519,
49.368061984,143348749,
49.418378685,144564341,
49.468609186,144512531,
49.518830134,143879883,
49.569072948,146495619,
49.619291554,151172714,
49.669509794,146744959,
49.719732618,144775783,
49.769963616,145029010,
49.820194488,145736594,
49.870441228,144775534,
49.920652003,144945851,
49.970885716,143748202,
50.021102131,145246955,
50.071310034,143678673,
50.121533175,144995818,
50.171748288,140957537,
50.221992147,140873837,
50.272243497,140180472,
50.322499904,140108627,
50.372733762,139948481,
50.422972469,140811100,
50.473209029,140840046,
50.523473001,140508830,
50.573764363,140508922,
50.623994193,139672221,
50.674261741,140200615,
50.724489798,140475016,
50.774740481,140503964,
50.824965874,140173670,
50.875189465,141729181,
50.925437345,141036929,
50.975710825,140815822,
51.025937527,139807153,
51.07617802,140283336,
51.126463519,142393393,
51.176695384,144001234,
51.226911049,146750559,
51.277135058,145991509,
51.327359096,143588191,
51.377619474,140905858,
51.427858543,139942602,
51.478118659,140320746,
51.528367244,139903540,
51.578617658,140815802,
51.628849064,139189482,
51.679086175,140258438,
51.729325556,140518254,
51.779556046,139796885,
51.829800002,139851009,
51.880039432,139829246,
51.930259279,141164286,
51.980490905,139572252,
52.030757361,140355878,
52.080997152,141162644,
52.131236193,140015533,
52.181479154,140736486,
52.231710717,139828963,
52.281981492,140674366,
52.332225524,140687337,
52.38245052,140777515,
52.432673919,141364303,
52.482893825,140619913,
52.533142317,139886178,
52.583396781,140199424,
52.633610244,140905737,
52.683845873,140186168,
52.734085966,140669549,
52.78432762,144873220,
52.834543094,143510358,
52.884779341,141357206,
52.935013581,142149970,
52.985265358,140393051,
53.035500203,140400283,
53.085749996,142007355,
53.135993172,142538714,
53.186218779,139823619,
53.236451922,140211962,
53.286682071,140274243,
53.336920985,140735356,
53.387153127,140273195,
53.437384012,140676524,
53.487611497,140886890,
53.537839598,139926184,
53.588095133,140039536,
53.638367364,140711312,
53.68860202,140017714,
53.738851544,141375766,
53.789079856,140853086,
53.839311561,141424935,
53.889543282,140923802,
53.939777211,140241890,
53.99004942,140533734,
54.04030398,140112503,
54.090540504,140804811,
54.140786712,140008740,
54.191043522,140258227,
54.241275947,139135739,
54.291523409,140479793,
54.341746443,142671848,
54.391977944,144608863,
54.44220291,140436640,
54.492428727,140930563,
54.542667797,140915892,
54.592883386,141606286,
54.643126131,141255295,
54.693364201,141004141,
54.743653917,140498359,
54.793892161,141561528,
54.844145708,140489766,
54.89439621,140782062,
54.944622602,140076234,
54.994862008,139976845,
55.045090705,140118901,
55.095384379,142129934,
55.145646844,140566105,
55.195907002,140804873,
55.246165669,141065692,
55.296399734,141863068,
55.346636575,140697428,
55.396859404,140944779,
55.447134966,140189427,
55.497387149,140613801,
55.547618613,140962796,
55.597840162,141360550,
55.648070686,140117203,
55.698318414,140076518,
55.748572383,140739005,
55.798796569,139853023,
55.849030758,140536889,
55.899262051,141107201,
55.949481288,144410182,
55.999702256,142282174,
56.049931158,139459015,
56.100403597,140003669,
56.150644169,139305557,
56.200886373,141528202,
56.251105867,142391250,
56.301338315,140019721,
56.351607863,139809241,
56.401869411,139948807,
56.452128938,139429933,
56.502369026,139853730,
56.552607038,139636793,
56.602840405,138603903,
56.65308334,140154177,
56.703325651,139770135,
56.753558784,140864725,
56.803802191,141646858,
56.854041806,138814126,
56.9042815,139638038,
56.954514107,139310813,
57.004745421,141117713,
57.054974819,142161872,
57.105198942,143056075,
57.155427695,144369661,
57.205648712,142485359,
57.255877622,142766638,
57.306116826,144418186,
57.356356499,142608105,
57.40658269,143133918,
57.456796984,142992388,
57.507027043,177039733,
57.557225599,157043360,
57.607729018,145876391,
57.657937492,142572789,
57.708235633,144619697,
57.758442733,145268931,
57.808651545,145063894,
57.858891684,148074937,
57.909105072,147237208,
57.959317069,146220858,
58.009524245,145594207,
58.059727955,145558774,
58.109944212,145468670,
58.160161149,144958247,
58.210368426,146117050,
58.2605727,145995923,
58.310782094,147050298,
58.360989049,145477511,
58.411198482,146663450,
58.461418465,146476234,
58.511651905,145948190,
58.561871354,146503567,
58.612085145,145864692,
58.662265211,147641103,
58.712773042,148834889,
58.762969675,150960878,
58.813194929,150687038,
58.863396719,150534973,
58.913598483,151181406,
58.963809655,150954777,
59.014018487,151441865,
59.064215738,205935746,
59.114378035,161509625,
59.164584832,150223793,
59.214796121,149779425,
59.264995514,151301453,
59.31519721,151014416,
59.365388986,149942040,
59.41559645,150718260,
59.465792655,149402830,
59.516015979,151989187,
59.56621555,150346545,
59.616417471,151285891,
59.666619418,150406521,
59.716821599,149833015,
59.76704145,151575478,
59.817238528,150669277,
59.86743846,151043708,
59.917636424,157781150,
59.967815226,197812305,
60.018002335,153475928,
60.068187905,153126303,
60.118377617,153044563,
60.168576418,151355145,
60.218780139,152215640,
60.268960956,154683069,
60.319170632,150593543,
60.369378146,150528841,
60.419589922,156369233,
60.469782677,150912922,
60.519988007,150933126,
60.570179635,149710972,
60.620376177,210757303,
60.670542055,156765304,
60.720744318,152864726,
60.770940342,151254983,
60.821141745,151122619,
60.871353642,151723792,
60.921560947,151539134,
60.9717643,151130998,
61.021982938,150966134,
61.072192119,154739142,
61.122385441,152831640,
61.172583988,151000734,
61.22277716,155686881,
61.272973535,153135020,
61.323185691,151916329,
61.373387303,151238861,
61.423604042,151090030,
61.473806568,151445266,
61.524016537,151450607,
61.574221869,150613537,
61.624431497,152795024,
61.674634923,151345153,
61.724839021,151981941,
61.775265234,152114098,
61.825455232,151021017,
61.875724292,147901016,
61.925933088,147442877,
61.976150581,147053695,
62.026378308,147792877,
62.076580156,148555315,
62.126784349,148441948,
62.176974123,209800910,
62.2271647,147712474,
62.277372131,146969869,
62.328107763,151866496,
62.378317523,148950859,
62.428520172,147599004,
62.478725255,147511838,
62.528980126,145998565,
62.579195485,147507650,
62.629399857,147742897,
62.679624669,146460992,
62.729905418,148326071,
62.780122154,147191013,
62.830343173,146407612,
62.880547093,148546816,
62.930745729,151513898,
62.980933415,151304495,
63.031142861,151081449,
63.081336552,150736248,
63.131571656,150829174,
63.182119484,152143926,
63.232315908,151533596,
63.282519649,151112697,
63.332747339,150038267,
63.382946051,151970910,
63.433146517,151788714,
63.483344479,150878617,
63.533551986,151484188,
63.58379816,151457334,
63.63399518,151950711,
63.684726155,163026720,
63.734899798,203160860,
63.785085295,151254158,
63.835298033,150670140,
63.885494804,151488409,
63.935707331,150857341,
63.985914004,151911059,
64.036138057,151989852,
64.086340695,149642442,
64.136545933,151478919,
64.186753712,151126709,
64.236955208,151514545,
64.287483351,152295029,
64.337681366,151167335,
64.387887986,151530646,
64.438093044,151506519,
64.488300874,151296496,
64.538527068,153975623,
64.58872529,153270714,
64.638929464,151518497,
64.689135158,152089921,
64.739337793,150365647,
64.789542775,151228209,
64.839760393,150900301,
64.889999835,150982055,
64.940210452,155338415,
64.990422228,151915100,
65.04063641,150922138,
65.090846062,151436458,
65.141047924,150545091,
65.191254776,150855478,
65.241453901,154409061,
65.291628051,195469838,
65.341833986,154149104,
65.392030905,149898471,
65.442238773,150056677,
65.492448061,151677841,
65.542729859,151190266,
65.592926132,151720672,
65.643180459,151614788,
65.693383054,155865659,
65.743588025,150698433,
65.793796421,152933452,
65.844013518,150947633,
65.894222244,150857128,
65.944433046,152397318,
65.994662204,150769091,
66.044851198,152000739,
66.095052891,152956863,
66.145261802,151061742,
66.195474133,152287294,
66.245668708,151361338,
66.295874146,151764106,
66.346068157,151507556,
66.396674445,151581043,
66.446872859,151685463,
66.497616207,152657005,
66.54781199,152200826,
66.598494264,152198548,
66.64868861,152333758,
66.69889953,153827397,
66.749112294,151744869,
66.799338481,179361026,
66.849507095,189042577,
66.899707628,151958242,
66.949895059,152880749,
67.000112935,149728532,
67.050316312,152266741,
67.100517988,150995394,
67.150726098,150704368,
67.200937296,150803442,
67.251141238,150696950,
67.301330386,151747602,
67.351519167,151144361,
67.401721097,150264506,
67.451926915,151073576,
67.50213094,150495350,
67.552327936,151409460,
67.602536115,150483915,
67.652722229,150600326,
67.702921855,152137139,
67.75311188,150062646,
67.80333342,152768986,
67.853517827,154368046,
67.903721727,153640011,
67.953941322,151813613,
68.004148309,151216277,
68.054342448,150510627,
68.10453833,151284933,
68.154731184,150424539,
68.204954613,150931096,
68.255163819,151317266,
68.305366938,150822374,
68.355567613,183863271,
68.40575798,182884827,
68.455959594,151131324,
68.506160555,151084434,
68.556352608,150614216,
68.606550729,152019276,
68.656756071,150486201,
68.706978271,151567758,
68.757173402,151297043,
68.807375723,150746003,
68.857586634,151413343,
68.907775795,151782360,
68.957970468,153386763,
69.008165134,154332614,
69.058364643,152077349,
69.108563815,151027990,
69.158768359,151305717,
69.208970185,151041896,
69.259173597,151581292,
69.309363954,150487206,
69.359573962,152187986,
69.409781139,150777174,
69.459990561,151979787,
69.510199453,150745362,
69.560406133,150944326,
69.61061288,151640317,
69.660811906,152054345,
69.711019504,151061977,
69.76121899,154644702,
69.811426992,150650990,
69.861620768,152660334,
69.911815734,190482699,
69.961971105,206190532,
70.012140549,153936392,
70.062355431,154009944,
70.11254781,153180844,
70.162751217,154996092,
70.212927888,150607732,
70.263122713,151511836,
70.313325201,151210647,
70.363547269,150802409,
70.413736597,155075811,
70.463914978,151267540,
70.514119039,151108756,
70.564332673,151189867,
70.614534573,150404507,
70.664728467,151541549,
70.71493828,151746489,
70.765139927,150901927,
70.815337593,151331819,
70.86553957,150725194,
70.915769558,151685778,
70.965979942,152903549,
71.016185397,151287591,
71.06638207,150772371,
71.116579831,154209350,
71.166816121,152198935,
71.217010764,151772731,
71.267210546,151578985,
71.317418223,162601940,
71.367618499,151128227,
71.417832411,151070937,
71.46801864,167478496,
71.518188044,194777983,
71.568373282,152977491,
71.618572113,151931304,
71.668766834,151264546,
71.718972585,152372486,
71.769167933,150234451,
71.8193883,151752032,
71.869585134,151101072,
71.919785181,150877315,
71.969990003,152597837,
72.020187151,149900718,
72.070400223,151964090,
72.120596271,150981902,
72.170790839,151308744,
72.220995399,151231665,
72.271195972,150864655,
72.321404211,154788454,
72.371591135,154218566,
72.421770374,150782125,
72.471975542,151929727,
72.522179341,151101032,
72.57238116,151256077,
72.622581905,152702978,
72.672776957,150996553,
72.723010004,151721865,
72.773211809,151871101,
72.823411548,150946285,
72.873615469,150654358,
72.923832645,150964122,
72.974038652,152284310,
73.024245879,176982422,
73.074410693,188477439,
73.124626587,151095363,
73.174834094,151549984,
73.225027994,150556052,
73.275240381,151993038,
73.325437362,151430432,
73.375639706,151440793,
73.4258409,152799294,
73.476027294,155484691,
73.526220009,151041929,
73.576422877,151386205,
73.626636248,150307645,
73.676836383,151806161,
73.727038163,151098243,
73.777245765,151821285,
73.827462105,151096246,
73.877664931,150429245,
73.927873999,151580288,
73.978087862,152515010,
74.028295854,150993657,
74.078491487,152022547,
74.128693539,150923695,
74.178883616,151418890,
74.229080056,151248042,
74.279283539,151122882,
74.329483191,151025195,
74.379686511,153637313,
74.429884373,150274427,
74.48009446,152186922,
74.530260738,152426077,
74.580446867,185330278,
74.630604342,183247473,
74.680808185,152356982,
74.731007739,151090115,
74.781207773,151909477,
74.831415265,150180750,
74.881622451,154557642,
74.93181476,155601261,
74.981995583,192483988,
75.032198895,154303289,
75.082391009,152007318,
75.132591759,151330417,
75.182802252,151407105,
75.233043103,151004421,
75.283243232,152282467,
75.333443808,150859945,
75.383650362,150901302,
75.433864672,151653944,
75.484061957,151830445,
75.534259859,151495620,
75.584457719,151378724,
75.634671151,153112261,
75.684866723,156521389,
75.73507114,150465178,
75.78528068,152623857,
75.83548057,151102416,
75.885680346,151068430,
75.935895412,151489414,
75.986111306,152439107,
76.036322515,151624637,
76.086524944,153555575,
76.136713763,174437537,
76.186882974,174315449,
76.237083509,153022298,
76.287286941,151165309,
76.337493442,150784296,
76.387711679,150625041,
76.437901941,150773008,
76.488105786,150779834,
76.538308454,151232098,
76.588509406,150682263,
76.638715001,151976430,
76.688901488,150290284,
76.739122603,154536354,
76.789320208,153384152,
76.839525939,152687924,
76.88972542,151097750,
76.939924804,152215330,
76.990132428,151556441,
77.040373298,150277989,
77.090568116,152029383,
77.140776073,152135004,
77.190988326,150721428,
77.24118833,151152539,
77.291408808,150615171,
77.341633851,151325213,
77.391845643,151221411,
77.442041585,150895989,
77.492245753,150852943,
77.542451543,151114549,
77.592654815,150709993,
77.64285094,149901378,
77.693073978,196759000,
77.743237432,169824820,
77.793429187,152234623,
77.843630507,153209415,
77.893819436,153235919,
77.9440128,153833440,
77.994224372,151322474,
78.044414149,150334838,
78.094641509,152399212,
78.14483969,150750017,
78.195040907,150855620,
78.245241281,151971082,
78.29544974,150238337,
78.34565026,151112132,
78.395873765,151772617,
78.44608325,151017714,
78.496289204,151163934,
78.546494024,151324944,
78.596693094,150298065,
78.646902819,150514253,
78.697082299,151659561,
78.747278891,151376068,
78.79746821,152393336,
78.84768426,152375881,
78.897886682,150399744,
78.948097847,153221138,
78.998259812,151030456,
79.048453808,151125020,
79.098665276,150986152,
79.148885117,151471604,
79.199115253,151132961,
79.249308865,196240422,
79.299453797,162546230,
79.349653521,152361454,
79.399859576,151974182,
79.450053311,150326826,
79.500265759,151865118,
79.550470276,155999396,
79.600677887,151527037,
79.650880284,150596322,
79.701092108,152726505,
79.751285601,151527727,
79.801484825,150996137,
79.851687239,151000280,
79.901892023,154684469,
79.952078925,175613265,
80.002247183,167420269,
80.052433389,155162297,
80.102664744,155192857,
80.152858409,153689091,
80.203059379,151224688,
80.25326401,151852192,
80.30346827,151274936,
80.353666052,150820186,
80.403875475,151789495,
80.454091276,155979597,
80.504294427,151532636,
80.554504681,151775606,
80.60470494,151234617,
80.654915474,152599106,
80.705109459,151343015,
80.755350385,151583838,
80.805542235,210387900,
80.855701265,157519101,
80.905899231,151491438,
80.956108805,151918434,
81.006322133,152008026,
81.05651482,150851233,
81.106715173,154900323,
81.156912842,152365258,
81.207110853,154635080,
81.257305306,154347919,
81.307491971,151119153,
81.357702099,151339002,
81.407902788,151406211,
81.458105163,151105744,
81.508324624,151107557,
81.55854034,150615928,
81.608754393,151592179,
81.658965849,152176387,
81.709172414,152667301,
81.759378528,151317380,
81.809579234,151600700,
81.859774223,151302432,
81.90998206,151532352,
81.960192289,152631896,
82.01039734,151466809,
82.06060965,151190195,
82.110793267,150955716,
82.16100254,151838063,
82.211208365,151161907,
82.26140903,152370886,
82.311605651,155553069,
82.361783078,210552275,
82.411985287,151135350,
82.46219153,151387723,
82.512399703,151057237,
82.56260297,151479684,
82.612807235,151216806,
82.663000298,150696849,
82.713194986,152152647,
82.763396748,151293058,
82.813597199,151022102,
82.863814624,151611260,
82.914029785,150513702,
82.964232994,153673657,
83.014430451,151146132,
83.064625319,151497977,
83.114827097,151517131,
83.165052822,151214475,
83.215262323,150111489,
83.265474356,151830347,
83.315675361,152010703,
83.36587516,152898592,
83.41607902,155881900,
83.466255222,151426446,
83.516456508,151244130,
83.566651679,151288391,
83.616847675,151555574,
83.667063925,151923457,
83.717259301,151949120,
83.767456192,151469823,
83.817658017,151127017,
83.86786757,155799736,
83.918029244,206909813,
83.968234259,152921592,
84.018443958,151738365,
84.06864071,151317344,
84.118847463,151398081,
84.169059739,151360501,
84.219276653,151823636,
84.269493969,150111403,
84.319721856,151880034,
84.369936312,151204622,
84.420143579,151371343,
84.470342422,153304719,
84.520541713,155739842,
84.570746184,151446186,
84.620945688,151514667,
84.671139644,151139998,
84.721357452,151709340,
84.771582438,150717760,
84.821791591,151266433,
84.871998296,153216059,
84.922203371,154526179,
84.97239807,198101485,
85.022556059,155054245,
85.072758032,151639464,
85.122963595,150226525,
85.173175957,151556436,
85.223382777,151097864,
85.27358862,151252555,
85.323798726,151203128,
85.373994997,150129468,
85.424208324,153165630,
85.474379013,195422900,
85.524562037,153054992,
85.574757902,153337799,
85.624950358,153727367,
85.675157937,153410583,
85.72537123,152639482,
85.775577749,151730861,
85.825793767,151568003,
85.87601633,150512657,
85.926223739,154543539,
85.976441165,152458406,
86.026644429,151276872,
86.07684622,154321051,
86.127036699,153682826,
86.177235375,151735977,
86.227443028,151524500,
86.277649703,151380879,
86.327863066,162338629,
86.378067154,151363637,
86.428284604,151046998,
86.478498333,151270240,
86.528703826,151142462,
86.578917344,152111887,
86.6291137,150885743,
86.67931314,151721240,
86.729512437,151727646,
86.779724553,150492773,
86.829930293,153004584,
86.880138359,151330933,
86.930350629,152317791,
86.980549971,176234164,
87.030729664,190675205,
87.080935405,153620682,
87.131139574,151575407,
87.181346845,150819951,
87.231552618,151499312,
87.281763925,152220764,
87.331961697,150845295,
87.382180228,153046880,
87.432384979,151883238,
87.482596704,151370293,
87.532812669,152082025,
87.583047328,150605927,
87.633259215,152425246,
87.683475857,152490051,
87.733664969,156900361,
87.783867927,153235780,
87.834074592,151921681,
87.884285486,151637653,
87.934493923,152081044,
87.984702871,151386376,
88.034918125,152162119,
88.085128572,151769419,
88.135337376,151351711,
88.185549373,151487958,
88.235763519,151805115,
88.285986738,150987061,
88.336226799,152327287,
88.386439001,151493543,
88.436644288,151304004,
88.48684615,151207862,
88.537041975,176441726,
88.587215775,184291001,
88.637423502,152398957,
88.68762724,151790085,
88.737829071,151583711,
88.788028894,151140994,
88.838230678,153372107,
88.888419571,155012796,
88.938620961,152104253,
88.988826678,151829511,
89.039035094,151495116,
89.089237438,151344931,
89.139451481,151636301,
89.189661031,151196182,
89.239862914,151748724,
89.290063039,151411804,
89.340272219,151770501,
89.390478447,171219695,
89.440701412,150843217,
89.490922744,152290063,
89.541117987,151545271,
89.591318478,150875137,
89.641521173,152141530,
89.691728158,151458341,
89.741918311,151813347,
89.792171156,151108283,
89.842387515,151608422,
89.892581527,152047569,
89.942784047,151605880,
89.992991237,152990457,
90.043202851,151192560,
90.093392157,190976697,
90.143555701,175618041,
90.193760318,150799940,
90.243965029,151517497,
90.294155531,150216646,
90.344369813,151135694,
90.394587285,150993188,
90.444788032,155480528,
90.494993933,149766844,
90.545222701,151538144,
90.595428496,151127699,
90.645626914,151643470,
90.695837435,150648329,
90.746057615,151993602,
90.796265146,151131948,
90.846483634,151824745,
90.896677393,150605126,
90.946892232,151825802,
90.997093888,154636454,
91.047299662,151345196,
91.097492109,150947005,
91.14771291,150919623,
91.197952006,150245459,
91.248170215,151632664,
91.298362262,150870911,
91.34855973,151107711,
91.398757078,150895859,
91.448957115,150863514,
91.499181515,150288460,
91.549401969,152105652,
91.599607091,151078863,
91.64980005,194889126,
91.699964315,168281679,
91.750158785,152425216,
91.800370726,151485897,
91.850566376,150968616,
91.90076931,151749677,
91.950973481,154567077,
92.001179584,150999873,
92.051387925,151426380,
92.101585145,150183875,
92.151793945,152180801,
92.201990317,150860994,
92.252194993,151155267,
92.30239781,151481018,
92.352595773,151243070,
92.402797493,151199362,
92.452995746,150919631,
92.503201073,151521526,
92.553405051,151726390,
92.603602084,151111298,
92.653804982,151156650,
92.70400763,151214620,
92.754211676,152277956,
92.804430827,151617228,
92.854634545,151433978,
92.904836325,150875194,
92.955051891,151127776,
93.005296398,152188165,
93.055503332,151916169,
93.105702076,151655859,
93.155905898,151308494,
93.206094796,205142706,
93.256249683,165000518,
93.30648114,153222935,
93.356677869,151291868,
93.406888145,151190567,
93.457116791,150747152,
93.507330853,151822126,
93.557525448,151523181,
93.607725892,150837586,
93.65792707,150861742,
93.708130203,152023314,
93.758337368,152202265,
93.808536797,151277026,
93.858735668,150861619,
93.908938809,151131153,
93.959142593,151376256,
94.009350884,151583149,
94.05954979,151694472,
94.109746274,151296496,
94.159959729,151291146,
94.210163946,150896650,
94.260370109,150700748,
94.310573027,151896092,
94.360772612,153978648,
94.410972533,154193221,
94.46117408,150693900,
94.511380783,151550601,
94.561577401,151015039,
94.611783539,151006437,
94.661979734,150931837,
94.712183239,151039326,
94.762379425,213367944,
94.812531876,153015558,
94.862727944,152418493,
94.912916123,153951234,
94.963141571,197986418,
95.013325594,154571527,
95.063514425,152224172,
95.113725032,151385132,
95.163926933,150656484,
95.214130943,151928912,
95.264331597,151765675,
95.314520144,151564043,
95.364715064,152154716,
95.414911478,151608588,
95.46509846,154491525,
95.515295036,153859512,
95.565488912,152433171,
95.615690798,150678260,
95.665901944,153065355,
95.71609669,151878483,
95.766261712,151488511,
95.81645488,151775060,
95.866656676,150528685,
95.916860524,152386609,
95.96705209,151554267,
96.017251461,151637077,
96.067451387,152006870,
96.117670554,152046887,
96.167870906,151971950,
96.218069322,152142415,
96.268260576,155172579,
96.318434488,210434382,
96.368616056,151937289,
96.418818799,150129916,
96.469026133,151536275,
96.51926028,151065950,
96.569456779,153605315,
96.619649489,152339902,
96.669855037,151740415,
96.720058341,151560178,
96.770259452,150755215,
96.820452601,150612422,
96.870654668,150870404,
96.920863177,150045416,
96.971059496,152217368,
97.021254935,151239883,
97.071449952,150723622,
97.121644777,151745288,
97.171853079,150969970,
97.222069511,150124481,
97.272273875,151378168,
97.322467502,151129743,
97.372655778,150645827,
97.422853661,150927993,
97.473049562,151180931,
97.523241243,150859375,
97.573456079,151204942,
97.623654392,150680475,
97.673843225,151148280,
97.724047925,150249128,
97.774263222,151564865,
97.824449265,147859023,
97.874608215,198451313,
97.924787439,151948760,
97.974989446,151574267,
98.025203994,150874324,
98.075412566,150897830,
98.125605135,151433371,
98.175808835,156310780,
98.226002675,151265016,
98.276209,151554541,
98.326411805,150801838,
98.376630904,151485827,
98.426831195,151664357,
98.477020766,151210083,
98.527217353,151516790,
98.577411004,151120642,
98.627617538,150708423,
98.677804624,152102046,
98.728004306,151397561,
98.778199608,153655939,
98.828405118,153248616,
98.878601002,153325821,
98.928791667,152031695,
98.978993474,152174019,
99.029188188,152231805,
99.07938129,150987944,
99.12958829,151818043,
99.179788295,151584174,
99.229991759,152032155,
99.28019888,151793215,
99.330407947,150492225,
99.380611478,171621189,
99.430773075,194446413,
99.480965337,151967356,
99.531162622,151359480,
99.581362075,150913365,
99.631581232,152306650,
99.681773245,151034093,
99.731976238,151510290,
99.782175458,150760311,
99.832387644,151436506,
99.882595523,152816924,
99.932783246,172228852,
99.982940096,180176895,
100.033141142,154495837,
100.083343229,151269195,
100.133571541,151557769,
100.183778356,151514345,
100.233977014,151726103,
100.284176633,151283224,
100.334382198,151847750,
100.384576776,151084766,
100.434767874,155535509,
100.484964067,151010251,
100.535163732,151190911,
100.585358179,151308143,
100.635567409,150441821,
100.685783177,151806710,
100.735981445,151977343,
100.786175588,151122021,
100.836388382,151564057,
100.88658458,150511557,
100.936776158,170093924,
100.986937328,192334708,
101.037130019,154776363,
101.087320553,153482142,
101.137513265,153487599,
101.187710744,151057649,
101.237913789,151698001,
101.288110742,150478876,
101.338320619,161418203,
101.38852217,151313174,
101.438719979,150847328,
101.488926852,152622160,
101.53913137,151351226,
101.589325376,151558314,
101.639527311,152010213,
101.689739529,151935564,
101.739942513,151934988,
101.790136618,150725750,
101.840342986,151548795,
101.890542307,151305326,
101.940743775,151756080,
101.99094495,151096075,
102.041147326,152056999,
102.091347085,153085636,
102.141539908,153649528,
102.191747909,152253101,
102.241947163,151459507,
102.292154593,151538151,
102.342362276,152128432,
102.392546191,150205390,
102.442749075,152907676,
102.492933389,178573373,
102.543099418,185186960,
102.593312324,151130758,
102.643518622,150812956,
102.69372585,151012862,
102.743931637,151480248,
102.794138094,150917464,
102.844358456,150976068,
102.8945468,149913662,
102.944749012,151951724,
102.994952141,151648947,
103.045154041,151174157,
103.095374252,149788965,
103.145592873,151709551,
103.195788708,152321391,
103.245984724,152848447,
103.296171811,152565286,
103.346370657,151096518,
103.39656831,150503899,
103.446799395,150242359,
103.497009437,151231800,
103.547208721,150773452,
103.59740786,150315220,
103.647615473,152520473,
103.697832196,149749878,
103.748058279,151965004,
103.798265602,150593958,
103.848471229,150702318,
103.89867593,150378780,
103.948862616,151311339,
103.999097696,151355456,
104.049291612,180490576,
104.099457197,177556314,
104.149661967,151649531,
104.199876127,151297375,
104.250075252,150703215,
104.300280989,152043062,
104.350477244,154314984,
104.40066314,152001090,
104.450864878,152618413,
104.501066639,151553185,
104.551274408,151269491,
104.601476319,151685759,
104.651684675,151836060,
104.701877804,152581581,
104.752072896,151359432,
104.802261929,151712142,
104.852459431,151217093,
104.90266542,154206858,
104.952852619,195897648,
105.003012437,165131094,
105.053206439,151186388,
105.10340822,151163818,
105.153607027,151477221,
105.20381367,150613675,
105.254018448,152290795,
105.304220099,151315691,
105.354421338,151428116,
105.404630098,150791272,
105.454836003,151690317,
105.50503224,151175911,
105.555236263,151470607,
105.605426334,196035118,
105.655596785,171345542,
105.705797307,150270977,
105.756023626,152708155,
105.806224114,151947500,
105.856428688,151021160,
105.906632175,152249075,
105.956844361,150735564,
106.007042514,153007147,
106.057243289,154062904,
106.10747443,153435205,
106.157677058,152052164,
106.207876814,151697061,
106.258078744,154858883,
106.308281225,151248516,
106.358471677,151713446,
106.408664572,151568015,
106.458860735,151574345,
106.509059497,152007934,
106.559256493,154972527,
106.609447331,152536251,
106.65965305,151736753,
106.709864562,150943900,
106.760069462,151871097,
106.810263538,151513677,
106.860461163,151494723,
106.910672801,152294171,
106.960870641,152106482,
107.011077367,150702307,
107.061280139,152515195,
107.11147896,151024668,
107.161673949,202950029,
107.211835775,162284480,
107.262032734,151759758,
107.312230282,149924487,
107.362439476,152047130,
107.412632398,150933562,
107.46283613,151116017,
107.513039597,151220655,
107.563227751,150474026,
107.61343126,152066127,
107.66363353,155090693,
107.713840084,152987773,
107.764040688,151804227,
107.814248385,150699646,
107.864448551,150772761,
107.914650565,151343462,
107.964844326,151383840,
108.015059702,151642897,
108.065258169,151149669,
108.115457539,151744214,
108.16566159,151086378,
108.21586896,150528875,
108.266079176,151989971,
108.316280343,152008095,
108.366476039,151273129,
108.416674778,151513264,
108.466878967,150944284,
108.517071755,152057912,
108.567269746,151202897,
108.617467675,151329507,
108.667670289,151036731,
108.717861546,209184741,
108.768007983,161160148,
108.818196678,153691479,
108.868397031,151003762,
108.918601958,151429140,
108.968812675,152300597,
109.019010074,151565287,
109.069200361,151182374,
109.119397522,151397313,
109.169609296,150254540,
109.219816765,152040131,
109.270014372,150772246,
109.32022247,151231532,
109.370432139,151179960,
109.420637749,151584360,
109.470834131,150108719,
109.521037554,151934191,
109.571237338,151911208,
109.621431788,151121231,
109.671632281,151671530,
109.721829974,150515420,
109.772032355,151935578,
109.822236886,152267757,
109.872426677,154291057,
109.922620576,157234191,
109.972801425,198910302,
110.022939654,214433220,
110.073052301,212019869,
110.123164859,211646512,
110.173294041,201729768,
110.223489966,150631279,
110.27368515,214470523,
110.323832051,153544164,
110.374059381,151428790,
110.424279771,155273074,
110.474485436,150488602,
110.52467106,151322266,
110.574869316,150765280,
110.625060092,152546263,
110.675264625,151328748,
110.725478953,151680890,
110.775675879,151684332,
110.825875692,151123330,
110.876077066,151162911,
110.92625853,150612189,
110.97644922,155974073,
111.026636377,152848765,
111.076832748,152867866,
111.127024843,151227588,
111.177213012,151159817,
111.22744264,150941707,
111.277644538,150522697,
111.327846724,151151044,
111.378038671,152165839,
111.428238913,151009598,
111.478440156,150396881,
111.52862323,151632233,
111.578816537,151549748,
111.629012717,151652336,
111.679216679,152006211,
111.729401305,151676693,
111.779594545,156498005,
111.829753264,208332930,
111.879929345,151665872,
111.930129639,150746161,
111.980335393,152034637,
112.030533164,153534224,
112.080725035,152386333,
112.130922786,154186128,
112.181115887,151205375,
112.231301317,151037790,
112.28151874,151329718,
112.331727246,152180417,
112.381920233,150809676,
112.43213886,151614470,
112.482330422,150809490,
112.532545706,151343976,
112.582736086,150622843,
112.632931365,152413582,
112.683142579,149832222,
112.733358389,152435573,
112.783553937,152658620,
112.83375661,151494189,
112.883956003,149804527,
112.934160548,152338968,
112.984368206,151071889,
113.034569388,151714877,
113.084763476,149741072,
113.134977755,152183410,
113.185166754,150891406,
113.235360772,150905067,
113.285559907,150478631,
113.335775773,160586465,
113.385934921,200320874,
113.436121872,151743063,
113.486311763,151780319,
113.536500457,151183903,
113.586705142,151380885,
113.636916418,152051829,
113.687116737,152329152,
113.73731618,151382665,
113.787519731,150756417,
113.837739477,151661173,
113.88794293,151829723,
113.938139092,152519186,
113.988346711,151660022,
114.038558475,151539646,
114.08875435,151249531,
114.139012229,151734249,
114.189217521,151976105,
114.239417573,151370581,
114.289614258,152557452,
114.339819676,155026182,
114.390009998,152136259,
114.440211688,151222223,
114.490421486,151231778,
114.540625705,152165514,
114.590830076,151749777,
114.641018985,151325925,
114.691211049,151866507,
114.741414809,150818441,
114.791621438,151946523,
114.841819976,151570523,
114.892011205,173684847,
114.942164501,214776236,
114.992323745,169964130,
115.042524889,151168150,
115.092719431,151173401,
115.142929712,151549560,
115.193133368,151158459,
115.243338968,151697877,
115.293542347,151750882,
115.343752003,151010831,
115.393954962,153854182,
115.444161794,155976249,
115.494797083,152981687,
115.545012681,151236241,
115.595223334,151384412,
115.645424781,151956497,
115.695624321,151183280,
115.745835516,152280123,
115.796044276,150117821,
115.846261132,152373961,
115.896459629,151744157,
115.946666872,151960014,
115.996870273,151490755,
116.04707994,152130983,
116.097285547,153833946,
116.147488965,152344440,
116.197691802,153867350,
116.247900979,151212272,
116.298109895,151120012,
116.348298446,159188108,
116.398501652,151197132,
116.448683851,178886287,
116.498852703,190619576,
116.549039052,154257709,
116.599230515,151406404,
116.649441124,153018360,
116.699647097,152661393,
116.749846256,151875123,
116.80005202,152096000,
116.850256873,151495667,
116.900447346,151238875,
116.950648097,152051537,
117.000841622,153660461,
117.051037426,151367224,
117.101242998,151410883,
117.151440001,150697375,
117.20164759,152212382,
117.251845528,151198837,
117.302048619,152144015,
117.35224605,151024920,
117.402449045,151464122,
117.452640969,162038887,
117.502836585,152004949,
117.553030475,150672552,
117.603237731,154485944,
117.653426224,153674229,
117.703659469,151124109,
117.753865729,153395821,
117.804069169,151875447,
117.854260207,151868670,
117.904453377,152420555,
117.954650534,150883714,
118.004837033,185451163,
118.054998962,182238304,
118.105193195,152359543,
118.155385057,151011072,
118.205582696,152303714,
118.25577127,151290172,
118.305993325,152035104,
118.356186581,151364391,
118.406385828,151834112,
118.456595698,152117063,
118.506794229,151594393,
118.556985974,151069497,
118.607195519,151884377,
118.657393416,151911752,
118.707601429,153152337,
118.757812798,155789938,
118.808007195,154130215,
118.858196689,150595010,
118.908394586,153097778,
118.958586295,151061392,
119.008779479,152168541,
119.058981954,155089039,
119.109185543,152484474,
119.159385531,151145568,
119.209579617,151847395,
119.259784857,151544390,
119.310007447,151572959,
119.360220472,151653867,
119.410416909,152051964,
119.460608342,152392786,
119.510811445,151388399,
119.561001797,189806601,
119.611165011,176092954,
119.661360791,151976872,
119.711563436,151939989,
119.761755969,151870589,
119.811956348,153022702,
119.862160155,154908967,
119.912358611,156737180,
119.962552087,197880996,
120.012737954,153878298,
120.062938721,151171303,
120.113138303,152562311,
120.163340156,151081484,
120.213539708,151335313,
120.26375692,152289291,
120.313971884,151024612,
120.364186578,151458695,
120.414380099,156007666,
120.464566822,151203877,
120.514754152,151152676,
120.564949876,151621952,
120.615155453,151194930,
120.665352069,152025810,
120.715550113,150538818,
120.765769122,151642270,
120.81596678,151456784,
120.866161151,150947593,
120.916364648,151411202,
120.966570772,152723689,
121.016768013,151432584,
121.066968114,151570421,
121.11715605,192568161,
121.16732694,172323017,
121.217522773,151835954,
121.267726597,151102701,
121.317922532,151291672,
121.36812778,151113752,
121.418336191,151618132,
121.468543226,151482114,
121.51872355,151856283,
121.568914999,151170783,
121.619129487,151312964,
121.669310584,150757349,
121.719516387,152745203,
121.769712511,151878334,
121.81991524,151513457,
121.870115045,151249746,
121.920316717,152094023,
121.970510725,152203681,
122.020702838,151623654,
122.070906466,154863834,
122.121077608,152984174,
122.171285676,150983912,
122.2214846,152235537,
122.271680643,150200132,
122.321894824,151553408,
122.372104622,151333534,
122.422259227,150913650,
122.472451177,150916415,
122.52265429,151088540,
122.572842114,151020153,
122.623057887,151791616,
122.673254371,201132707,
122.72342729,164381639,
122.773629049,151521034,
122.823908027,150764080,
122.874108404,157850819,
122.924304869,151186328,
122.974503545,152783518,
123.024707819,150515455,
123.07493816,151935984,
123.125137384,151880372,
123.175338241,150776466,
123.225531453,151409179,
123.275732457,150817984,
123.325945715,151727390,
123.376173763,151585345,
123.426372792,152629272,
123.476569563,151141706,
123.526794163,151370403,
123.576989789,151044096,
123.627211283,152463240,
123.67741771,151198626,
123.727618799,152464191,
123.777822417,151821353,
123.828027537,149936032,
123.878238151,152496805,
123.928439935,151217223,
123.978639505,152593224,
124.028854066,151615387,
124.079054413,150558428,
124.129256658,152021780,
124.179462219,151348159,
124.229657823,205584959,
124.279825538,161888898,
124.33002863,154620195,
124.380231357,151718556,
124.430433933,151095191,
124.480635712,151096716,
124.530849541,151278156,
124.581053819,151099132,
124.631287945,152059044,
124.681479946,151185914,
124.731678238,151917966,
124.781889663,151030496,
124.832095974,150654364,
124.882306927,153645516,
124.932499369,171457109,
124.982662124,183908318,
125.032856185,151154447,
125.083059542,150855441,
125.133254365,151816698,
125.183461691,151656036,
125.233692934,150443580,
125.283901862,152769964,
125.334102578,151381594,
125.384305493,154211465,
125.434509453,153308028,
125.484702882,152281403,
125.534901504,151040181,
125.585104876,152203950,
125.635306563,152148108,
125.685516999,152004165,
125.735710012,153210337,
125.785903081,196079137,
125.836090121,153470001,
125.886261868,151401236,
125.936461124,150765694,
125.986666938,151476367,
126.036868632,154588413,
126.08706654,152518331,
126.137264242,152190893,
126.187456131,150662440,
126.237664139,150737501,
126.28788465,152223103,
126.338092735,151394950,
126.388294652,150934065,
126.438490059,151972752,
126.488690098,151857870,
126.538889994,154095695,
126.589078263,153191224,
126.639287575,151727658,
126.689497539,151538184,
126.739716479,151781734,
126.78992242,151529733,
126.840132009,151969204,
126.890338673,151388869,
126.940545575,151201584,
126.990755346,151826957,
127.040958611,151002816,
127.09117144,151984816,
127.141374113,151838345,
127.191577678,151455095,
127.241779565,151144904,
127.291980106,159410388,
127.342147923,207486058,
127.392353986,151021817,
127.442561976,152282114,
127.49275769,151150399,
127.542966877,151165027,
127.593185637,162237229,
127.643387086,156165223,
127.693588261,151221470,
127.743805622,153058905,
127.794005289,150987552,
127.844211585,150771670,
127.894404082,150891843,
127.944605011,151291846,
127.994819012,151416527,
128.045029376,151420089,
128.095272895,152211627,
128.145474668,150842774,
128.195678311,150882758,
128.245896137,152255534,
128.296105836,150434702,
128.346310028,151528529,
128.396501667,151811870,
128.446708993,151437926,
128.496904635,151183769,
128.547108799,150309964,
128.59734318,151693581,
128.647547361,151267317,
128.697746564,151677133,
128.747949069,151848332,
128.798153688,150348446,
128.848362575,162288475,
128.89852738,201558279,
128.948709739,153351929,
128.998909027,151978714,
129.049104408,150989935,
129.099315485,151343664,
129.149534155,151759349,
129.199743755,151834790,
129.249939846,151364675,
129.30013743,151200066,
129.350330801,151310180,
129.400529801,151840206,
129.450729199,151160943,
129.500915472,151011369,
129.551118105,152740620,
129.601319172,154567256,
129.65156564,151521348,
129.701766888,151669420,
129.751958388,151315514,
129.802198949,152004098,
129.852404194,155694519,
129.902645947,156696687,
129.952832246,181294104,
130.002998383,174115760,
130.053192508,152602570,
130.103394663,151929565,
130.153596002,150939013,
130.203804594,151013094,
130.254005834,150707934,
130.304204759,151401726,
130.354412792,151277423,
130.404606176,165468683,
130.454777749,194667450,
130.504974446,151802611,
130.555176576,151115549,
130.605387822,151619402,
130.655596318,152189209,
130.705802837,152013505,
130.756001024,151414385,
130.806211719,151908858,
130.856420313,150539357,
130.906651566,152160522,
130.956843733,153847393,
131.007048424,154587049,
131.057257856,155190712,
131.107457473,153132819,
131.157658765,151808777,
131.207865873,150754425,
131.258097768,152562544,
131.308650994,158407157,
131.35883823,152709404,
131.409049036,152801339,
131.459257056,151052885,
131.50946055,150760865,
131.559668606,151627682,
131.609878216,149864993,
131.660099022,152204946,
131.710262694,151476154,
131.760461964,151487365,
131.810845192,152012156,
131.861039128,151658084,
131.911248266,151274295,
131.961444754,181730574,
132.011625364,186306362,
132.061822907,153558684,
132.112032323,154856405,
132.162232404,150820348,
132.212445888,151235050,
132.262645548,150710947,
132.312851114,151143533,
132.363056994,151297702,
132.413263076,151253556,
132.463474264,151206937,
132.513673843,150147528,
132.563893296,151529796,
132.614102133,151067060,
132.664316766,151377474,
132.714534318,150806136,
132.764728192,152676232,
132.81493949,151170330,
132.865145878,151599128,
132.915357216,151876264,
132.965570536,152246517,
133.015778959,151818788,
133.065980934,151146992,
133.11619001,150907229,
133.166392482,151214452,
133.216587456,151057139,
133.266793097,151390472,
133.316997237,150558728,
133.367561449,151961058,
133.417759652,151445275,
133.467970066,151381648,
133.518162595,187518963,
133.568333815,177158520,
133.618540196,152424083,
133.668741755,151413301,
133.718953197,152315880,
133.769147157,151974248,
133.819347736,151068726,
133.86954292,152504241,
133.919742898,150766374,
133.969950571,153462943,
134.020158572,151489174,
134.070366474,151243357,
134.120569646,152380593,
134.170770285,151104435,
134.220983949,152555822,
134.271189344,151444864,
134.321384944,151490875,
134.371601056,150684600,
134.421815423,151876894,
134.472020056,152383515,
134.522218056,151315945,
134.572430175,152387448,
134.622631778,150519792,
134.672831767,152876362,
134.723030893,151984907,
134.773226318,151650071,
134.823438356,150509523,
134.873647242,153251489,
134.923844884,151357326,
134.974048691,152967924,
135.024258644,150552725,
135.074468611,197196637,
135.124634598,180948469,
135.174842315,151258477,
135.225054878,152355758,
135.275265362,152097573,
135.325456554,152075392,
135.375666912,155068998,
135.425870671,154626167,
135.476086483,152534566,
135.526260756,151184656,
135.576462469,152435237,
135.626680935,150321594,
135.67687675,153062543,
135.72708313,151683916,
135.77727641,151872696,
135.827487422,151601168,
135.877697577,151481004,
135.927889473,151851100,
135.978117662,152446283,
136.028334683,151583797,
136.078547294,151870971,
136.128751776,152898881,
136.178942836,150799895,
136.229169804,152393837,
136.279377905,152029350,
136.329579475,151886481,
136.37978933,152301917,
136.429994759,151181253,
136.480195399,152989157,
136.53038538,152060019,
136.580585765,151711403,
136.630782526,201018798,
136.680956199,165494214,
136.731196325,152261828,
136.781395808,152672257,
136.831597337,151640997,
136.881807337,151305302,
136.932014919,151868167,
136.982210996,151134978,
137.032459595,152012425,
137.082661277,151628391,
137.132861073,151131893,
137.183064796,152029969,
137.233257143,150409545,
137.283465985,152811049,
137.333663446,151784310,
137.383864442,152031835,
137.434069866,151493412,
137.484275717,150855764,
137.534493244,152238213,
137.584689728,154020775,
137.634883292,154393368,
137.685081221,152772281,
137.735286951,151779131,
137.785483704,151707664,
137.835701744,151662701,
137.885907875,150781930,
137.936120511,152543422,
137.986321944,152059531,
138.036521656,151766763,
138.086720699,151204736,
138.136920444,151032682,
138.18711643,210015961,
138.237279295,158315070,
138.287479005,151547797,
138.337677374,151662483,
138.387882833,151533524,
138.438084331,151418786,
138.488332039,151577313,
138.538539459,152563203,
138.588747383,151233757,
138.638953682,152428818,
138.689153815,153761772,
138.739354436,154945073,
138.789540553,154614674,
138.839748536,152065263,
138.889960937,151557018,
138.940184835,151893877,
138.990410146,152586300,
139.040610488,151831635,
139.090812251,151332306,
139.141011957,151855479,
139.191218048,150388767,
139.241440292,152554848,
139.291646138,151151981,
139.341844064,152087658,
139.392061469,151381726,
139.442267324,151381135,
139.492462741,151880776,
139.542665157,151586435,
139.592861448,151883091,
139.643072129,151445952,
139.693258785,150737105,
139.743461633,213774870,
139.79365482,151578405,
139.843849913,156286450,
139.894037377,156388768,
139.944221811,180871701,
139.994378832,177531979,
140.044576889,152534268,
140.094788892,151216946,
140.144985566,151062325,
140.195208011,151412946,
140.245409933,151873253,
140.295616398,151206204,
140.345819575,152526197,
140.396011993,150365912,
140.4462194,155876811,
140.496425164,151287295,
140.546643169,151872958,
140.596844586,150431083,
140.647051526,152357502,
140.69724551,151169894,
140.747457565,152114006,
140.79766073,150544003,
140.847862483,152717579,
140.898066748,151379001,
140.948264832,152171034,
140.9984719,151294565,
141.048679768,152214904,
141.098877921,151608900,
141.149077446,151393380,
141.199286826,151864761,
141.24947829,156377035,
141.299633802,206812191,
141.34981774,152367252,
141.400024288,152166524,
141.450246034,151265225,
141.500425549,151509819,
141.550629154,151889112,
141.600831745,151145053,
141.651032878,151444240,
141.701240609,151558151,
141.751425836,151429019,
141.801631154,151531597,
141.851834378,151568406,
141.902039862,151594833,
141.952249732,151484809,
142.002461009,154447246,
142.052648799,154236297,
142.1028436,152264777,
142.153053439,151824237,
142.203251266,151444147,
142.253458168,152023096,
142.303665014,150880796,
142.353874443,151231044,
142.404083197,151523838,
142.454261557,151992553,
142.504458154,151179304,
142.554658341,151675456,
142.604855104,150555942,
142.655070966,152664504,
142.705262713,150767513,
142.755456738,152007906,
142.805652932,155175256,
142.855808235,202594552,
142.90599177,152840526,
142.956181191,153068064,
143.006378661,151732475,
143.05657484,151846610,
143.106769315,152079285,
143.156957713,154724649,
143.207146338,153130022,
143.257334527,151724917,
143.307536824,151543873,
143.357731321,151723545,
143.40792181,192920068,
143.458078555,160545901,
143.508401492,151690790,
143.558598371,152080071,
143.608792009,151457185,
143.659002175,151814801,
143.709216651,151324349,
143.759414424,153515672,
143.809610023,150943242,
143.859822431,152021204,
143.910012013,151142502,
143.960219769,152975307,
144.010410264,153069542,
144.060610375,151675471,
144.110809266,150351833,
144.161013778,152781308,
144.211203135,151239236,
144.26140011,152457250,
144.311598865,156135390,
144.361777965,171879417,
144.411941874,197980618,
144.462132361,152114227,
144.512345827,151648368,
144.562538783,151359785,
144.612737229,151207269,
144.662945408,151307615,
144.713131202,151458379,
144.763318325,151685314,
144.813523029,151063308,
144.863728972,150979345,
144.913930713,159889255,
144.964103135,199658793,
145.014256274,153629884,
145.064439743,151152357,
145.114636428,150897775,
145.164842544,150758164,
145.215044494,151361520,
145.265229818,152018332,
145.315423709,150874359,
145.365618811,153336748,
145.415809008,156067751,
145.465994274,152141131,
145.516214942,150267276,
145.566412388,152288148,
145.616593915,150879372,
145.666780527,151691388,
145.716983471,151161418,
145.767181581,152616800,
145.817363538,151274800,
145.867557725,151288990,
145.917759729,177279458,
145.967920742,191262597,
146.01810255,153143348,
146.068305312,153932919,
146.11849464,152293356,
146.168679154,151429163,
146.218858821,150856660,
146.269041626,151845849,
146.31923421,159786436,
146.369449241,151121536,
146.419638681,151149652,
146.469824047,153859126,
146.520007141,153827347,
146.570193624,152412665,
146.620398581,151094989,
146.670599551,151320034,
146.720785847,151525901,
146.770974035,151656690,
146.821166848,151102321,
146.871369992,150839041,
146.921561688,151335395,
146.97174812,150714587,
147.021931557,151715209,
147.072132829,150882378,
147.122336937,150122532,
147.172548787,151734016,
147.222733352,151575525,
147.272912283,150698513,
147.32311004,151559097,
147.373307534,150470996,
147.423510554,152019197,
147.473687238,178747606,
147.523839982,185451150,
147.574020712,152002974,
147.624215046,154309156,
147.674392193,152492948,
147.724573139,151287264,
147.774769648,150343388,
147.82496624,152957932,
147.875150935,151196247,
147.92532971,154179724,
147.975529086,150558732,
148.025727611,152515020,
148.075914945,151181757,
148.12609748,152399643,
148.176290893,151428088,
148.226488572,151040190,
148.27670716,151351394,
148.326898808,152372829,
148.377078689,150878306,
148.427263008,151356872,
148.477453652,150991230,
148.527634738,151750656,
148.577815552,151215493,
148.627996547,151913901,
148.678190867,152885074,
148.728381053,153697445,
148.778562363,152627577,
148.82875104,151525414,
148.87894245,150185140,
148.929149996,152558409,
148.979334367,151773697,
149.029508936,190976823,
149.079669778,176566012,
149.129859617,151714069,
149.180065695,151765442,
149.230256163,151582407,
149.280436627,151049187,
149.330624339,151203657,
149.380809777,171637995,
149.431007,151031125,
149.481193543,151877934,
149.531382981,151616366,
149.581562279,151352300,
149.631747845,152371822,
149.681934612,151844981,
149.732120063,152519164,
149.782259208,151256923,
149.832462154,154866112,
149.882672387,155075762,
149.932850224,157016476,
149.98301969,203029327,
150.033200759,152359308,
150.083380886,150967073,
150.133571601,152166909,
150.183757135,151485690,
150.233946576,151791918,
150.284134011,151601744,
150.334309932,151600768,
150.38448601,151667024,
150.434675188,156436429,
150.484858791,151041318,
150.535043826,151953749,
150.585215651,197369595,
150.6353666,174019918,
150.685535279,153145718,
150.735710266,151812906,
150.785915002,151581950,
150.836103578,151522151,
150.886257439,151347338,
150.936439269,154750884,
150.986621275,154167876,
151.03681081,151550091,
151.086995435,154720624,
151.137175392,151839378,
151.187374616,151045226,
151.237577352,151079833,
151.287771237,150917005,
151.337972965,151688902,
151.388170295,151052199,
151.438369881,151221128,
151.488580721,151758424,
151.538785522,151863631,
151.588985284,151927909,
151.639201758,151697898,
151.68940638,151674988,
151.73961421,151746762,
151.789804563,152295091,
151.840007981,152125240,
151.890211614,150915225,
151.940412945,151463134,
151.990611986,151607444,
152.04081192,153475780,
152.091009813,151483334,
152.141199213,201512584,
152.191354143,163658272,
152.241551974,151526222,
152.291752742,151998411,
152.341948993,151558614,
152.392151148,151568177,
152.442354335,152190034,
152.492543966,150632476,
152.542749629,152401063,
152.592940616,151633228,
152.643141487,151894244,
152.693340725,151603438,
152.743546714,150654194,
152.793762588,152304935,
152.843967896,151991592,
152.894167876,150945972,
152.944371678,152462063,
152.994580067,151256227,
153.044790809,152914979,
153.094982995,151344906,
153.14517283,155039396,
153.195376855,154426415,
153.245564368,151826587,
153.295774038,151206521,
153.345973547,151960333,
153.39618692,150476092,
153.446377911,153392247,
153.496567222,151361302,
153.546759579,152416904,
153.596956202,151447530,
153.647161241,150787024,
153.697355167,211381179,
153.747506125,155119206,
153.797702384,152400622,
153.847909594,152058321,
153.898112109,150224113,
153.948332025,152567965,
153.99852737,151898169,
154.048722988,152080073,
154.098928776,150720014,
154.149122644,152721934,
154.199314511,151457579,
154.249510663,152254656,
154.299708937,150853184,
154.349906384,152402535,
154.400102731,152045302,
154.450258827,151323634,
154.500461094,151594827,
154.550660639,151788504,
154.600866358,151710201,
154.651064094,152366120,
154.701257286,151547946,
154.751464033,153329956,
154.80169295,151139132,
154.851895469,152244437,
154.902091064,153834055,
154.95228191,195200556,
155.002436136,160482499,
155.052630048,150343137,
155.102853205,151344286,
155.153046207,151588173,
155.203238073,152970221,
155.253416079,207699747,
155.303593124,152050249,
155.353785783,153764290,
155.403988674,155430419,
155.454188207,150928013,
155.504405393,152147458,
155.554606833,152154468,
155.60479307,151060144,
155.654994109,151837268,
155.705193326,150214055,
155.75540117,152700872,
155.805594241,150919369,
155.855792111,174167186,
155.905964104,152637796,
155.956170788,152640064,
156.006360652,151120304,
156.056562798,152642039,
156.106755242,151891872,
156.156950204,151291067,
156.207151865,151002013,
156.25736958,151312254,
156.307568008,149236671,
156.357785157,152893179,
156.407990368,151058757,
156.458182431,153339927,
156.508372404,155593627,
156.558560297,152206259,
156.608749688,151006173,
156.658942415,151702651,
156.709133005,150900302,
156.75932683,161886988,
156.809487642,202758987,
156.859679757,151487981,
156.909878338,151346114,
156.960079324,150774574,
157.010261572,151540644,
157.060461816,150611756,
157.110651312,152822812,
157.16083848,150512028,
157.211035722,150907548,
157.261239514,150854299,
157.311431593,150568178,
157.36163967,150821823,
157.411833105,150636499,
157.462038872,151290127,
157.512248402,150915142,
157.562490331,152168204,
157.612679204,154167024,
157.662879035,151125378,
157.713072285,151448663,
157.763265858,151066024,
157.813468256,149895048,
157.863671053,151546978,
157.91387343,151570607,
157.964076335,150471986,
158.014262953,151602497,
158.064472125,151460718,
158.114679058,151760992,
158.16487654,150278331,
158.215083866,149865505,
158.265288187,150838562,
158.315485975,166448268,
158.36564951,195603898,
158.415842989,152482003,
158.466054069,151360805,
158.516252746,151034994,
158.566454678,151219530,
158.616653588,151364929,
158.666846864,152238627,
158.717034433,156510614,
158.767223861,152310472,
158.817430963,150636304,
158.867630525,150933080,
158.917845831,151474471,
158.968051367,151543014,
159.01826435,152098034,
159.068479427,150481298,
159.118685249,152431372,
159.168872431,151016366,
159.219068853,151370495,
159.269286606,150083402,
159.319511581,152279224,
159.369704599,150936587,
159.41990293,151477047,
159.470103944,151225333,
159.520325983,150616172,
159.570529946,151667181,
159.620733529,151653299,
159.670939116,151123562,
159.721140036,150810120,
159.771345752,152244624,
159.82153661,152114678,
159.871728857,175893473,
159.921893074,214440570,
159.97205734,171213742,
160.022256486,159002375,
160.072452325,151743534,
160.12264097,151582744,
160.172834038,150807657,
160.223039984,151721029,
160.273240314,150797653,
160.323461971,151874639,
160.373668805,151055039,
160.42388007,155818586,
160.474092629,150231673,
160.524295014,152197068,
160.574497219,150833821,
160.624693458,151485980,
160.674903228,150102831,
160.725100514,151704992,
160.775302702,151122410,
160.825503497,151070745,
160.875705808,150884812,
160.925909932,152779455,
160.97612053,151334249,
161.026317992,152363785,
161.076499127,150780175,
161.126738568,152005864,
161.176938269,151285493,
161.227150119,151060584,
161.277362227,150865089,
161.327567961,162138574,
161.377753211,149981974,
161.42796921,162125605,
161.478143148,207204749,
161.528330752,151891504,
161.578527494,151205485,
161.628727513,150372434,
161.678949293,151833404,
161.729144936,152113849,
161.779347966,151154854,
161.829552008,150923035,
161.879748313,151286746,
161.929949632,151893279,
161.98015175,152268200,
162.030346272,155443297,
162.08054303,152509549,
162.130736968,151667140,
162.180939257,151717283,
162.231124264,151476294,
162.281327359,151237860,
162.331525402,151884100,
162.381722142,151273554,
162.431925312,150774335,
162.482113138,151156102,
162.532330348,151755222,
162.582535722,151115318,
162.632730914,152241617,
162.68293474,150300366,
162.733145489,152786317,
162.783343459,150880548,
162.833544615,151951569,
162.883748061,181325613,
162.933910741,210379862,
162.984057938,203065984,
163.034195452,203795156,
163.084342456,203869475,
163.134481559,215802027,
163.184618204,215244381,
163.234755265,214709636,
163.284883235,215018009,
163.334995202,198518426,
163.38513548,176452630,
163.435332117,154039003,
163.485514646,152569110,
163.53571828,153470102,
163.585903549,169740291,
163.636066626,156285881,
163.686261268,152065099,
163.736450376,168908243,
163.786646498,161847095,
163.836846952,158912302,
163.887046485,158029810,
163.937237986,160117158,
163.987428097,154906171,
164.037616155,153526271,
164.08780642,152615921,
164.137999013,155832905,
164.188200108,157124496,
164.238392232,156710062,
164.288583224,152648996,
164.338793759,153839281,
164.388997453,154594035,
164.439200183,156994055,
164.489388265,151403364,
164.539583747,152931252,
164.589775266,208147026,
164.639928284,160900997,
164.690129278,152271619,
164.740335279,154692420,
164.79053034,153242490,
164.840747625,152448174,
164.890941884,161678334,
164.941094221,205586674,
164.991243372,203210728,
165.041431946,156869977,
165.091629393,153850976,
165.141828448,176102136,
165.192231941,186983825,
165.242398928,155008233,
165.292589893,154103938,
165.342786787,153102798,
165.392987191,151589043,
165.443195379,150758629,
165.493415701,152729730,
165.543611943,152341623,
165.593811493,151098717,
165.644026092,151767280,
165.694246939,151210419,
165.744446059,153540930,
165.794657608,151618808,
165.844863847,151214103,
165.895069048,152535873,
165.94527081,151820387,
165.995469173,153233612,
166.04567051,153114592,
166.095860715,151658963,
166.146051017,212998737,
166.196209722,157463846,
166.246425828,151230039,
166.296625741,151308637,
166.346826563,154538632,
166.397008828,154373116,
166.447217922,153313341,
166.497412544,151504536,
166.547630952,151380726,
166.597823989,151321457,
166.648044987,152433097,
166.698256844,151135560,
166.748452863,151703884,
166.79865098,151039882,
166.848856432,151941742,
166.899063907,151461073,
166.949257908,152135101,
166.999470418,152530207,
167.049655842,152638015,
167.099863267,151153484,
167.150057812,151899577,
167.200276601,151304059,
167.250474642,150721375,
167.300696102,151891049,
167.350890837,151451085,
167.40108553,151770149,
167.451291493,151281155,
167.501493302,152234846,
167.551689392,151609173,
167.601883005,151327608,
167.652087763,154801000,
167.702260373,204525152,
167.752438847,152829239,
167.802627122,150588366,
167.85283388,151315647,
167.903038067,151383439,
167.953233527,151570479,
168.003436076,152406616,
168.053630704,151391703,
168.103828822,151211934,
168.154032942,150720758,
168.204241234,152427234,
168.25444352,152543555,
168.304643079,151858352,
168.354863629,152681188,
168.405058234,150442905,
168.455261566,152021977,
168.505458806,152074562,
168.555656513,151888650,
168.605863274,150535979,
168.656062545,152518923,
168.70625791,151373197,
168.756449072,151602991,
168.806648581,150334134,
168.856848292,153019773,
168.907047637,151249605,
168.957239041,151499058,
169.007445719,151063887,
169.057663034,154476225,
169.107875776,147024669,
169.158077707,147998415,
169.208272102,147981271,
169.25846256,146123419,
169.308660009,149166927,
169.358856522,148096067,
169.409054441,146604941,
169.459263832,148671975,
169.5094636,147820733,
169.559679647,146618435,
169.609888951,148583117,
169.660084622,147918264,
169.710258177,146619994,
169.76047071,148697162,
169.810672453,147574710,
169.860872638,147096679,
169.911053443,146891217,
169.961235776,147673762,
170.011434094,147728899,
170.061628545,147272669,
170.111830033,147914879,
170.16202807,147716935,
170.212213394,147086550,
170.262409044,147606767,
170.312603204,147545528,
170.362800371,147343294,
170.412995271,151315445,
170.463178801,147842480,
170.513382037,146720321,
170.563581783,147614375,
170.613776332,147715551,
170.663985902,146357269,
170.714222834,148234951,
170.764431096,147535369,
170.814654544,145798052,
170.864865231,148242420,
170.915078989,147606293,
170.965273005,146099164,
171.01549459,148278163,
171.065702828,147481391,
171.115909734,147257642,
171.166095879,146964550,
171.216453554,148480767,
171.266659637,147168682,
171.316871192,147098623,
171.367085811,147561944,
171.417294498,147676207,
171.467502415,146796054,
171.517707605,148141383,
171.567908055,148220734,
171.618104337,146536486,
171.668491921,148995412,
171.718699403,147785444,
171.768897287,147654723,
171.819078925,147211421,
171.869290894,148080721,
171.919501857,147414926,
171.969709671,146819986,
172.019918859,148048456,
172.070127246,147588665,
172.12034024,147008955,
172.170546615,147938753,
172.22074203,147371673,
172.270952244,147741453,
172.321171387,147371416,
172.371380049,147448038,
172.421613864,147179026,
172.471815928,147072630,
172.522016744,147729073,
172.572240953,147550880,
172.622442645,146753094,
172.672668664,148368328,
172.722874854,148228889,
172.773076976,146554963,
172.823297619,148783360,
172.873506613,147716888,
172.923712099,148275278,
172.973903192,147090739,
173.024103733,147888087,
173.074264288,147449852,
173.124466551,147190202,
173.174668905,147765979,
173.224868734,147812287,
173.275077554,147062699,
173.325306444,148666938,
173.375506785,147039371,
173.425710127,146648787,
173.475928294,148346728,
173.526193144,148479004,
173.576425792,146679687,
173.626648541,148661931,
173.676848288,147637426,
173.727060384,147650816,
173.777261933,146955607,
173.827466848,148001848,
173.877672851,147709000,
173.927898669,147356309,
173.978142967,147522883,
174.02902156,149519884,
174.07923137,146807080,
174.129447819,148507239,
174.179648118,147571387,
174.229860319,147460656,
174.280051672,147354884,
174.33025582,147986315,
174.38045413,146908040,
174.430660948,148751213,
174.480856623,148326035,
174.53106159,148030332,
174.581253493,146986436,
174.631456468,147923164,
174.681656148,148081572,
174.731848689,147197501,
174.782048344,148144392,
174.832261723,147973445,
174.882486775,146981998,
174.932678617,147360310,
174.982881362,147092051,
175.033113219,147052572,
175.083325064,147850584,
175.133527068,147917546,
175.183743947,146752319,
175.23395988,148037166,
175.284169373,147948045,
175.334372569,147804362,
175.384562433,146872615,
175.434766895,147975645,
175.486268031,151551776,
175.536466524,146446582,
175.586672472,147946888,
175.636868408,147971751,
175.687081677,147225843,
175.737265777,147677984,
175.787476542,147873427,
175.837679731,148240539,
175.887900977,146761975,
175.938149666,148346978,
175.988361903,147487931,
176.038577008,146855466,
176.08879218,148405986,
176.138992241,147860154,
176.189226416,147895702,
176.23942106,147194490,
176.289718513,148110709,
176.339922684,147895953,
176.390296908,147211044,
176.440505325,148127567,
176.490770189,147882215,
176.540985542,147632536,
176.591244297,147566249,
176.641439817,150307647,
176.691667,152031602,
176.741866906,153085683,
176.792078986,151637928,
176.842273058,151886303,
176.89247607,151579354,
176.942686103,151557425,
176.992899455,153084692,
177.043106787,151640004,
177.09330347,203464175,
177.143463424,164699899,
177.193660977,150984636,
177.243870262,152018973,
177.294082638,151293796,
177.34428145,151417697,
177.394490506,151636939,
177.444694611,150359788,
177.49494846,152300485,
177.54515032,151483929,
177.595347249,151255862,
177.645545793,151772061,
177.695775551,150755813,
177.746139811,154027838,
177.796345832,155001417,
177.846560733,152104460,
177.896759789,151900847,
177.946965099,152017403,
177.997168403,152017028,
178.047378089,151332739,
178.097600689,152395107,
178.147810326,150990782,
178.198018211,151626312,
178.248229995,150767110,
178.298440436,154944951,
178.348643593,151932706,
178.398843785,151051292,
178.449044813,150143048,
178.499250767,152126011,
178.549446769,151921452,
178.599734111,151697093,
178.649928154,209516535,
178.700083022,159485428,
178.750260946,152732637,
178.800455867,152086309,
178.850652291,152930272,
178.900860922,153753430,
178.951053836,153249964,
179.001256873,151519145,
179.051462597,151452147,
179.101679332,152167637,
179.151877793,151898008,
179.202078184,150843494,
179.25229072,150989077,
179.302510409,151637093,
179.352706836,151843649,
179.402916602,151334523,
179.453130408,151593175,
179.50332944,151053687,
179.553529148,151251087,
179.603731897,151492922,
179.653937641,151844829,
179.704149678,150946659,
179.754367001,152579322,
179.804561598,152418529,
179.854763439,151519998,
179.904965264,151210420,
179.955159178,153193920,
180.005353194,152209197,
180.055578452,151011685,
180.105788077,150935546,
180.156007579,152527999,
180.206202127,217199583,
180.256362699,152978146,
180.306571574,151823700,
180.356779401,150038412,
180.406991037,152722812,
180.457196405,155042173,
180.507401189,150471920,
180.55760425,152266082,
180.607820942,151308535,
180.658029125,151552626,
180.708235235,150819659,
180.758461256,152278078,
180.808667552,152693092,
180.858879851,151989097,
180.909083626,150242113,
180.95929637,152213856,
181.009504578,152351846,
181.059710413,153397927,
181.109891393,155192337,
181.160091246,151186876,
181.210268991,151502368,
181.260468476,151886677,
181.310675012,152343855,
181.360880103,151522556,
181.41109384,152193753,
181.461316883,151588225,
181.511530426,151432498,
181.561736138,151532137,
181.612328825,152930468,
181.662523602,151251344,
181.712713441,159372354,
181.762899726,210027094,
181.81307353,153108798,
181.863259694,150645632,
181.91347554,151338459,
181.963683616,152153419,
182.013881581,151715881,
182.064087218,150961872,
182.114262566,151594044,
182.164452671,150771679,
182.21465148,151456283,
182.264857401,151666464,
182.315058091,151474509,
182.365276454,151016724,
182.415487032,150935476,
182.465698363,151307017,
182.515914406,151847547,
182.566120218,150288344,
182.616348548,154957073,
182.66654554,152274589,
182.716741136,152006558,
182.766933961,153168251,
182.817125064,151066794,
182.86733357,151113111,
182.917533612,151456059,
182.967740974,151267891,
183.017941687,152373914,
183.068151165,151415421,
183.118347168,151294538,
183.168547986,150964141,
183.21874217,150764912,
183.268937737,165249511,
183.319104542,203434988,
183.369283856,151003284,
183.41948741,151734992,
183.469728557,151127349,
183.519939005,151619593,
183.570137226,150984761,
183.620346078,152222060,
183.670557314,151134647,
183.720776698,151276920,
183.770984227,153349567,
183.821181488,151362054,
183.871408197,152610151,
183.92161641,150481080,
183.971827432,152870582,
184.022023062,151955681,
184.072233659,151456159,
184.122436087,150694054,
184.172642411,152025967,
184.222842698,151457467,
184.273056572,151347238,
184.323263994,152630926,
184.373444885,153240223,
184.423638882,152379534,
184.473840107,151032128,
184.524065188,151363854,
184.574260794,151548086,
184.624462794,151284879,
184.674672176,152270018,
184.724902897,151772555,
184.775101433,151537873,
184.825293305,169880168,
184.875449035,198064801,
184.92561993,154543585,
184.975796533,214859339,
185.025944264,159776683,
185.076143323,151660199,
185.126362818,151964277,
185.176567606,152026501,
185.226785751,151781636,
185.276984373,152194625,
185.327191585,151620101,
185.377387098,152360432,
185.427571643,153093829,
185.477761797,154960497,
185.527974248,153294302,
185.578165083,152064775,
185.628357586,151631067,
185.678551747,151899030,
185.728754047,151632952,
185.778976446,152664781,
185.829175748,152262300,
185.879372847,151863578,
185.929571818,152376200,
185.979787124,151800749,
186.029983319,155143113,
186.080177337,152979738,
186.130378841,152168926,
186.180573255,151177815,
186.230803255,152326764,
186.281000545,151356435,
186.331206428,152013320,
186.381408706,175227345,
186.431563032,192988885,
186.481751666,153173467,
186.531946035,152949057,
186.582146014,152651254,
186.632351115,154715562,
186.682549093,150984081,
186.732750937,151620444,
186.782956545,151260897,
186.833152491,151879667,
186.883343433,150926152,
186.933536581,151840608,
186.983747311,151891761,
187.033945401,152984883,
187.084145017,151394074,
187.134337969,151134500,
187.184539745,151327136,
187.234751339,150894774,
187.284948152,151840752,
187.335143947,151432026,
187.385344642,151504150,
187.435554201,150814113,
187.485768042,150297229,
187.5360529,153022425,
187.586257008,151871307,
187.636448027,151402582,
187.686637839,151531941,
187.73684446,151707714,
187.787033508,152065410,
187.837232701,154922222,
187.887439124,150345982,
187.937641759,184212725,
187.987794545,185692498,
188.037987835,152761217,
188.088194763,151489581,
188.138392184,150862138,
188.188583728,151717536,
188.238778588,152317860,
188.288980344,151067962,
188.339180591,151044326,
188.389379752,152029284,
188.439563929,150335457,
188.489776109,151889293,
188.539976044,152089424,
188.590166087,151143326,
188.640371406,151254528,
188.690583774,151297520,
188.740801565,151380980,
188.790989917,154577779,
188.841182919,154719475,
188.891367632,151353213,
188.941553977,151792541,
188.991755563,151397128,
189.041971869,152038028,
189.092185433,152630913,
189.142370372,151529611,
189.192560168,151580386,
189.242749874,151404068,
189.292959294,151665247,
189.343155605,150518329,
189.393345841,152700929,
189.44353379,151675501,
189.493718864,183375864,
189.543868705,178516713,
189.594073163,151849031,
189.644270439,150126089,
189.694480058,152779061,
189.744658647,151841864,
189.794866183,150535983,
189.845064183,151476668,
189.895254058,155301413,
189.945429576,192363746,
189.995580622,163678716,
190.045769708,153537239,
190.095971134,150427384,
190.146174339,152011167,
190.196369512,151794259,
190.246558321,150921990,
190.296755201,150413191,
190.346961767,151487755,
190.397141098,151617821,
190.447334403,155312770,
190.497574407,151288795,
190.547803274,150662083,
190.597990202,152709199,
190.648191916,150860705,
190.698386145,150949859,
190.74857349,151982305,
190.798766986,151137191,
190.848972438,150049408,
190.899182587,151953672,
190.949366284,151158545,
190.999549223,152443659,
191.049738975,191812972,
191.099887561,177470385,
191.150070646,153497067,
191.200275508,149920616,
191.250478169,152057018,
191.300656309,151556611,
191.350850723,158022782,
191.401048634,151181000,
191.451231235,150549325,
191.501419435,150579918,
191.551626512,150431055,
191.601826052,151444387,
191.652012169,150465759,
191.702202061,151143847,
191.752404821,150913594,
191.802614867,150634211,
191.852794911,151157883,
191.902990052,150176949,
191.953183769,150997793,
192.003417549,150867096,
192.053595076,150213294,
192.103785409,151519057,
192.153986002,156102307,
192.204175505,150685192,
192.254369445,150328972,
192.304559051,151142267,
192.35474315,150762008,
192.404937579,151264900,
192.455131819,150667455,
192.505374288,149979169,
192.555573982,152080759,
192.605758896,197390147,
192.65590732,169292431,
192.70608854,151916522,
192.756272665,151029866,
192.806459899,150816167,
192.856639485,151311297,
192.906857681,151122521,
192.957047681,150803430,
193.007237678,150518819,
193.057416822,151284334,
193.107607147,149874003,
193.157807993,151645690,
193.207990939,153324714,
193.258181778,153195969,
193.308371509,152196453,
193.358556465,150898253,
193.408740782,150986438,
193.45893303,149732087,
193.509130588,151743787,
193.559318485,151761964,
193.609508031,150900508,
193.659702129,151607795,
193.709889921,151514935,
193.76007252,151181198,
193.810255746,151086357,
193.860437599,150021177,
193.910635495,151042945,
193.960818404,151916318,
194.011011446,151258690,
194.061204214,151085821,
194.11138253,151535818,
194.161559745,201740840,
194.211709663,164470067,
194.261892585,151036366,
194.312068375,152225755,
194.362249524,153242412,
194.412425081,151227870,
194.462613964,151192825,
194.512806907,150415153,
194.562972326,150743542,
194.613149188,150723536,
194.663341934,152035910,
194.713612704,151440648,
194.763797043,151714179,
194.81406106,150886234,
194.864314044,152571088,
194.914513356,154720201,
194.964693518,204654304,
195.014841407,153645991,
195.065013644,151522128,
195.115231106,151457780,
195.1654255,151322701,
195.215625313,150940412,
195.265827848,151578967,
195.316022998,151267002,
195.366222912,151225772,
195.416429136,151580088,
195.466625114,151494373,
195.516824064,150364384,
195.567037106,152393033,
195.617244153,151435448,
195.66745432,151318230,
195.71765624,204417887,
195.767808814,158324792,
195.81801478,153031487,
195.868232222,151609676,
195.9184371,151912778,
195.968643782,150441791,
196.018861079,152997754,
196.069060901,154813953,
196.119265485,152189805,
196.169472195,151958673,
196.219678214,152008193,
196.269883619,151090092,
196.320092833,151125052,
196.370264802,151969989,
196.420454408,151022422,
196.470648264,152231680,
196.520847957,152274784,
196.571051915,150422949,
196.621253087,152006556,
196.67145403,151803419,
196.721656678,151207897,
196.771866949,151344761,
196.822074207,151756778,
196.872279699,151176197,
196.922489592,152380955,
196.972696095,150292238,
197.022907564,152591500,
197.073110538,151420460,
197.123314752,151658480,
197.1735345,150696164,
197.226710131,166649626,
197.27684148,191161628,
197.327031794,152126531,
197.37721958,151087186,
197.42741735,151396165,
197.477601347,150444506,
197.527778077,150521832,
197.577962783,150979843,
197.628157713,150542248,
197.678347231,151202159,
197.728536761,149888572,
197.77873737,152197508,
197.828934254,151273325,
197.879145081,150899592,
197.92935271,151263676,
197.979561619,151651277,
198.029771086,151435316,
198.079973689,151604334,
198.130191156,150794781,
198.180391137,150807915,
198.230596227,151337360,
198.280804973,151207814,
198.331020976,151353615,
198.381230359,150956645,
198.431460287,151938836,
198.481663327,151112200,
198.5318673,151557653,
198.582080688,151217479,
198.632282759,150270662,
198.68249317,151743641,
198.732692364,150556387,
198.782896137,168468097,
198.83307282,204198083,
198.883256054,151745531,
198.933451117,151938118,
198.983657867,151205127,
199.033854353,151254483,
199.084066954,151925031,
199.134258575,150960918,
199.18445928,151276232,
199.234660941,152164429,
199.284858099,149885634,
199.335072351,151867002,
199.385274382,151257492,
199.435476162,150947747,
199.485700748,151464690,
199.535926484,151214890,
199.586155975,151906442,
199.636366304,150804223,
199.68656318,151609282,
199.736767034,150890374,
199.786972094,152210540,
199.837173818,153281658,
199.887366219,159135373,
199.937548725,183146916,
199.987711822,170513161,
