0.050072655,3535891,
0.100285851,3737011,
0.15044117,3640058,
0.200604691,3533309,
0.25078115,3524401,
0.300946172,3940652,
0.351104619,3464150,
0.401271243,3315582,
0.451436947,3244974,
0.501617304,3221341,
0.551777469,3251484,
0.601933711,3234132,
0.652095974,3290497,
0.702251815,3317367,
0.752417114,3202896,
0.802581166,3300840,
0.852745896,3158735,
0.90290199,3290639,
0.95307251,3238512,
1.003240402,3255261,
1.053401846,3316084,
1.103576781,2898050,
1.153749674,2571882,
1.203911439,2601878,
1.254078111,2570599,
1.30423644,2465715,
1.35435566,2472096,
1.404515078,2774740,
1.454680595,3336173,
1.504839133,3181147,
1.555020293,3064389,
1.605185138,3068730,
1.655351905,3120169,
1.705513717,3180456,
1.755679531,3227434,
1.805839691,3296686,
1.856021583,3457820,
1.906136073,3205436,
1.956295458,3127468,
2.006666517,3105630,
2.056821454,3076754,
2.107000062,3108475,
2.157167237,3361232,
2.207288784,3233636,
2.25745224,3263321,
2.307620834,3218750,
2.357786969,3293571,
2.40791069,3139746,
2.458074362,3297455,
2.508237513,3213127,
2.558400366,3233831,
2.608565983,3176538,
2.658727343,3223904,
2.708890493,3267045,
2.759104671,3253188,
2.80927205,3312418,
2.859435093,3334739,
2.909558098,3316287,
2.959726789,3165932,
3.009844747,3264683,
3.060009563,3176883,
3.110187688,3398917,
3.160367126,3149984,
3.210533367,3111155,
3.260699592,3128360,
3.310865262,2780084,
3.361044855,2123541,
3.411244565,2318226,
3.46136682,3113049,
3.511546593,3166940,
3.561667941,3170936,
3.611852229,3161222,
3.662037665,3129747,
3.712226958,2093047,
3.762395408,2067521,
3.812567146,3122645,
3.86273757,3113791,
3.912907634,3136369,
3.963081282,3130410,
4.013251182,3126939,
4.063423471,2219417,
4.113595161,1982655,
4.163767647,2349258,
4.213941731,3178284,
4.264113412,3449002,
4.314282152,3463751,
4.364454542,2822377,
4.414623319,3674804,
4.464793824,2364129,
4.514965832,2200600,
4.565148826,2119968,
4.61531716,3058479,
4.66549052,2262044,
4.715671493,3208699,
4.765843374,3867351,
4.816014536,3587744,
4.86618681,3978381,
4.916308238,3959351,
4.966428712,2913135,
5.016609973,2659102,
5.066782502,3242164,
5.116966923,3494904,
5.167143685,3366360,
5.217316923,3507417,
5.267484557,3323488,
5.317656656,2306003,
5.367830683,2047151,
5.4179669,2142079,
5.468130801,2243324,
5.518238253,2011826,
5.5684084,2087055,
5.618524464,2419178,
5.668629598,3241000,
5.718730806,3527152,
5.768838749,3238930,
5.818939296,3509314,
5.86904706,3258204,
5.919159796,3290414,
5.969262122,2877825,
6.019371262,3005767,
6.069479049,3370656,
6.11958368,3393163,
6.169684558,3324014,
6.219794919,3316850,
6.269892565,3286400,
6.319995347,3580578,
6.370092578,3207935,
6.420197476,3295950,
6.470297,3525770,
6.520405629,3277145,
6.570504988,3269734,
6.620618659,3304822,
6.670718927,3368245,
6.720819285,3230961,
6.770945943,3386154,
6.821049135,2823141,
6.871164289,3312381,
6.921275965,3504084,
6.971370938,2876779,
7.021482246,2458780,
7.071597009,3137422,
7.121701317,3278780,
7.171810585,3245203,
7.22191095,3469655,
7.27201271,3243279,
7.322117362,3120401,
7.372235748,3210792,
7.422338384,3294959,
7.472435036,3120028,
7.522549642,3299589,
7.572650958,3227667,
7.622751988,3366223,
7.67285116,3312351,
7.72296128,3385294,
7.773071265,3468515,
7.823176321,3399748,
7.873279361,3437232,
7.923377702,3415432,
7.973481715,3312726,
8.023584556,3392813,
8.073689244,3426982,
8.123797988,3441278,
8.173902854,3286130,
8.224004357,3330382,
8.274100678,3196405,
8.32419892,3127015,
8.374316381,3438980,
8.424421339,3107847,
8.474527898,3300049,
8.524629284,3202072,
8.574730073,2734240,
8.624827041,2794239,
8.674928956,3367435,
8.725024292,3191254,
8.775117471,3331079,
8.825233201,3265777,
8.875332169,3282872,
8.925437253,3181434,
8.975533582,3336140,
9.025632274,3308484,
9.075729646,3113765,
9.12583908,3216529,
9.175935918,3158823,
9.226033934,3129940,
9.276138618,3223978,
9.326234082,3071896,
9.376331765,3155839,
9.426430052,3115494,
9.476537075,3069454,
9.526631002,3062663,
9.576729403,3077575,
9.626821098,3079358,
9.676920503,3095117,
9.727021467,3191121,
9.777076978,3065016,
9.827176826,3051234,
9.877282931,3076677,
9.927377897,3063132,
9.977477042,3086334,
10.027574868,3074384,
10.077676339,3127158,
10.127775695,2639824,
10.177881222,2748429,
10.227975423,3052316,
10.278084659,3115033,
10.328195581,3060092,
10.378302776,3044946,
10.428394948,3282947,
10.478497598,3095156,
10.528590612,2943500,
10.578684064,3249657,
10.628781341,3037275,
10.678880436,3144381,
10.728974254,2986693,
10.779068704,2985668,
10.829167567,3217231,
10.879270497,3184088,
10.929365004,3061548,
10.979466641,2344856,
11.029565932,3138848,
11.079665599,3340321,
11.129763544,3174802,
11.179860083,3305235,
11.229954164,2919496,
11.280047453,3148895,
11.330145995,3085568,
11.380245468,3254201,
11.430352248,3050852,
11.480453164,3150733,
11.530550876,3146310,
11.580647101,3004174,
11.630740054,3093641,
11.680835708,2889536,
11.730934578,2545648,
11.78102612,2034376,
11.831133973,1758182,
11.881226597,1852939,
11.931320311,1815357,
11.981415241,3071244,
12.031511646,2466398,
12.081611713,2758402,
12.131718343,2716066,
12.181817455,3740964,
12.231920678,3803375,
12.282018441,3857791,
12.332110719,3858140,
12.382216613,3855317,
12.432312694,3844481,
12.482410024,3854608,
12.532504393,3854681,
12.582596777,3787338,
12.63269954,3695847,
12.682794105,3143486,
12.732886277,3287221,
12.782981714,3314174,
12.8330967,3223183,
12.88320244,3205844,
12.933310716,2089439,
12.983415066,3208079,
13.033516988,2611838,
13.083624159,2879138,
13.133727319,2652045,
13.183830959,2165666,
13.233933986,3214154,
13.284038026,2636424,
13.334139267,3127713,
13.384258625,3177676,
13.434359856,3317474,
13.484462448,3229164,
13.534565043,3593061,
13.584667564,3656214,
13.634768673,3252326,
13.684873505,3108516,
13.734972059,3159409,
13.785076373,3166590,
13.835178117,3088774,
13.88528172,3114794,
13.935390742,3146475,
13.985488828,3577506,
14.035584577,3292641,
14.085694303,3434124,
14.135803326,3659627,
14.185906938,3547547,
14.236009902,3161245,
14.286111235,3273968,
14.336210631,3091446,
14.386306141,3132554,
14.436419923,3126793,
14.48652139,3297571,
14.536627262,2377642,
14.586732674,3115888,
14.636843282,3190600,
14.686943839,3073167,
14.737057991,3227184,
14.787182064,2945600,
14.837291503,2287366,
14.887393062,3037697,
14.93748846,3212101,
14.987591903,3127458,
15.037696047,3243005,
15.087799565,3203266,
15.137904957,3167321,
15.188007777,3217992,
15.238112837,2895425,
15.288220342,2987523,
15.338323776,3081858,
15.388430179,3075952,
15.438534682,3608114,
15.488632091,2990039,
15.538732038,3006892,
15.588829911,3198130,
15.638929879,3220824,
15.689028939,3201441,
15.739157259,3138726,
15.789259967,3131063,
15.83936583,3062033,
15.889465137,3065886,
15.939565284,3133410,
15.989659829,3136163,
16.039757728,3115209,
16.089874914,3215576,
16.139977508,3296774,
16.190105901,3436712,
16.24020614,3180063,
16.290308935,3286339,
16.340410342,3265013,
16.390515335,2564191,
16.440619677,3011805,
16.490720613,3203586,
16.54082519,3163224,
16.590930244,3180308,
16.641037877,3183843,
16.691144833,3155745,
16.741254687,3244858,
16.791354334,3209806,
16.841473372,3198016,
16.891579883,3153639,
16.941679334,3199950,
16.991778885,3140388,
17.041876998,3109959,
17.091979885,3089209,
17.142087195,3106867,
17.192188136,3088997,
17.242286498,3149083,
17.292390573,2952636,
17.342494071,2955057,
17.392596618,3024074,
17.442703395,2932824,
17.492817503,3052400,
17.54292561,2939860,
17.593028249,3062890,
17.643143059,3061421,
17.693252373,3073037,
17.743352746,3023198,
17.793450083,3073758,
17.843561606,3072240,
17.893665582,3116361,
17.943768211,2504868,
17.993865455,3207823,
18.043966815,3376140,
18.094078337,3828509,
18.1441833,3974765,
18.194291347,3961509,
18.244394449,3903959,
18.294527822,3959748,
18.344628078,3977973,
18.394734892,2866360,
18.444842064,3065959,
18.494950852,3547757,
18.545051025,3530381,
18.595161887,3728087,
18.645271651,2997319,
18.695371563,3684307,
18.745473957,3229186,
18.795575028,2955570,
18.845683279,1978099,
18.895790969,2730689,
18.945894772,3816333,
18.996013886,3764255,
19.046119336,3372784,
19.096223943,3630263,
19.146322373,3764166,
19.196420615,3708684,
19.246514458,3904525,
19.296616825,3639706,
19.346722434,3589058,
19.396819507,3557747,
19.446921826,3676606,
19.497019372,3197615,
19.547139571,3161909,
19.597241762,3647944,
19.647341715,3687941,
19.697462451,3786086,
19.747564293,3804134,
19.797672659,3769266,
19.847774985,3418608,
19.897880203,3712026,
19.947975022,3724552,
19.998071497,3730459,
20.048172114,3362168,
20.098280379,3777340,
20.148397634,3740974,
20.198500631,3552792,
20.248606544,3202290,
20.29871083,3332385,
20.348814035,3627328,
20.398919871,2029633,
20.449025391,3005262,
20.499191861,3162108,
20.549302408,2525810,
20.599408955,2272401,
20.649523217,1847335,
20.699626524,3311783,
20.74973287,2780826,
20.799846661,1188705,
20.849954627,3288638,
20.900056933,3006165,
20.950151972,3202747,
21.000253746,2951773,
21.050355163,2965303,
21.100465371,2526455,
21.150566386,3190529,
21.200679058,3185281,
21.250780153,3254992,
21.300883138,3494896,
21.350980425,3477661,
21.401092682,3460389,
21.451194009,3394598,
21.501308521,3481207,
21.5514105,3469680,
21.601507341,3512355,
21.651608536,3562976,
21.701707115,3507469,
21.751804985,3523415,
21.801905138,3526694,
21.852016049,3543086,
21.902131638,3517296,
21.952225334,3233004,
22.00232245,2691471,
22.052420736,2261189,
22.102524676,3186519,
22.152653444,3229386,
22.202755375,3094489,
22.252861745,3212905,
22.302970751,3242436,
22.353074071,3177339,
22.403174659,3318623,
22.453272156,3303499,
22.503377969,3349273,
22.553492024,3424887,
22.603611716,3182476,
22.653710682,2610455,
22.703829506,3482461,
22.753939775,3385614,
22.804067768,3433847,
22.854170681,3300422,
22.90427007,3381580,
22.954369434,3492781,
23.004473339,3428770,
23.054574668,3439944,
23.104696737,3106128,
23.154795239,3351401,
23.20489657,3378117,
23.255001496,3387645,
23.30512544,3377829,
23.355225111,3364392,
23.405329144,3392824,
23.455427325,3386833,
23.505523782,3363203,
23.55562103,3399399,
23.605719815,3421891,
23.655824818,3187661,
23.705934537,3200163,
23.756031773,3200069,
23.806138102,3353787,
23.856243776,3323785,
23.906345602,3233755,
23.956475385,3278708,
24.006572358,3244671,
24.056674714,3519485,
24.106771621,3286918,
24.156872839,3215031,
24.206982329,2547420,
24.257103268,3167990,
24.307206837,3444986,
24.357306705,3443754,
24.40740366,3446443,
24.457499607,3466043,
24.507596393,3521690,
24.557697993,3414900,
24.607800614,3325846,
24.657900997,3401183,
24.707999088,3290737,
24.758103892,3284722,
24.80821301,3330346,
24.858322702,3245412,
24.908424032,3288398,
24.958525226,2941496,
25.008624176,3238582,
25.058725057,3174284,
25.108824535,3106781,
25.158930709,3114455,
25.209045536,3146641,
25.259166233,3153114,
25.309264388,3141244,
25.359369604,3128554,
25.409493044,3105733,
25.459597306,3072366,
25.509703891,3068517,
25.559828238,3113876,
25.609931897,3132111,
25.660032737,3090048,
25.710131087,3102409,
25.76023716,2592049,
25.810343024,2576791,
25.860457137,1556966,
25.910560078,1909591,
25.960668527,1654722,
26.01076711,1830751,
26.060868175,1760959,
26.110980303,1703712,
26.161080346,3101840,
26.211184866,3197484,
26.261284578,2465017,
26.31138759,2454043,
26.361508352,1770312,
26.411607126,3084635,
26.46173004,3167773,
26.511851684,3110359,
26.561949167,3120019,
26.61205569,3240456,
26.662153203,3386862,
26.712248061,3667367,
26.762355285,3498585,
26.812456522,3405021,
26.862564283,3112270,
26.912673803,3129508,
26.962776608,3421545,
27.01287799,3310785,
27.062976994,3448651,
27.113074164,3376083,
27.163173998,3243959,
27.21326919,3668022,
27.26336322,3874545,
27.313463495,3265117,
27.363565611,3249768,
27.413662744,3906245,
27.463781324,3919819,
27.513897384,3867174,
27.564002215,2793332,
27.614103504,2645229,
27.664205131,3109494,
27.714307936,3580052,
27.76440864,3609822,
27.814508026,3611933,
27.864612901,3519274,
27.914718772,3627104,
27.964813924,3610936,
28.014909201,3571950,
28.06502803,3584198,
28.115125866,3586179,
28.165240066,3582271,
28.215345629,3614744,
28.265449378,3599120,
28.315552281,3597030,
28.365651527,3605616,
28.41574897,3589741,
28.46587036,3588895,
28.515967715,3603392,
28.566071026,3538411,
28.616172822,3584957,
28.666273809,3350532,
28.716373555,3147514,
28.766471784,3040952,
28.81657307,2984831,
28.866676264,2695411,
28.916797959,2391479,
28.966898136,2442690,
29.017000741,2071395,
29.067105919,3325474,
29.117208867,3334176,
29.167322542,409718,
29.217419988,3399384,
29.267512583,2851755,
29.317610678,2186260,
29.367716468,2857595,
29.41781482,2607002,
29.467911221,2701433,
29.518006235,2409057,
29.568103629,1579962,
29.618204524,1634821,
29.668302095,1620499,
29.718403124,693069,
29.768498619,479176,
29.818600686,251508,
29.868718955,397019,
29.918821894,424979,
29.968919538,447662,
30.019011633,465883,
30.069081809,536978,
30.119176045,346155,
30.169270296,5227424,
30.219430558,19717272,
30.269581767,11044003,
30.319694971,1336357,
30.369801126,1903101,
30.419912164,1714231,
30.470022332,1924481,
30.520135005,2018062,
30.57025205,1371807,
30.620367002,1258510,
30.670485632,932014,
30.720615085,806075,
30.770761496,1191206,
30.820887133,1309585,
30.871024193,1691418,
30.921153852,1519172,
30.971286382,1199302,
31.021449028,1265935,
31.071586593,553426,
31.121720138,1601448,
31.171852373,1883785,
31.221980112,1044011,
31.272123474,1170594,
31.322265887,2074825,
31.372402801,2032588,
31.422554354,1897381,
31.472699595,2084673,
31.522845219,1601066,
31.572977053,983307,
31.623116866,478656,
31.673258464,394743,
31.723407905,853621,
31.773545955,944064,
31.82368481,1921002,
31.873824619,1597260,
31.923963587,1276054,
31.974097507,337231,
32.024229427,156123,
32.074395196,41621,
32.124615777,30722,
32.174815429,432560,
32.225072295,515014,
32.275294621,502772,
32.325544117,517201,
32.375788705,502867,
32.426019354,515109,
32.476258936,500094,
32.526497649,517841,
32.576711968,491863,
32.62695363,407676,
32.677178394,41760,
32.727389635,522490,
32.777606043,505143,
32.827862021,518398,
32.878092216,499881,
32.928323454,514484,
32.978552786,501571,
33.028769207,499422,
33.079000499,342952,
33.129245493,25287,
33.179445386,429750,
33.229676362,503665,
33.279894419,520625,
33.330148646,521846,
33.380389953,512210,
33.430612511,544369,
33.480849253,538789,
33.531071322,529906,
33.581292398,173312,
33.631508441,170366,
33.681780474,520454,
33.732057864,528454,
33.782290376,546918,
33.832530158,541225,
33.882768541,524241,
33.933003779,534394,
33.983255505,515797,
34.033503661,533035,
34.083745113,517813,
34.133969319,547057,
34.184200271,542141,
34.234465868,526805,
34.284729897,518738,
34.334975706,480206,
34.385208757,538957,
34.435434071,538558,
34.485667445,539270,
34.535904855,508775,
34.586158845,540200,
34.636413132,518512,
34.686710811,51630,
34.736909139,235714,
34.787144188,531151,
34.837365418,543008,
34.887595138,539376,
34.937828061,502598,
34.988031142,112405,
35.038252302,521687,
35.088475821,523078,
35.138701966,300540,
35.188901944,67813,
35.239104698,545312,
35.289327141,540338,
35.339579884,544709,
35.389801033,514205,
35.440016633,503272,
35.490233157,529689,
35.540450593,530103,
35.59069243,548133,
35.640918584,528846,
35.691236508,532167,
35.741456661,532128,
35.791682122,545977,
35.841904275,546073,
35.89211486,541491,
35.942341036,529346,
35.992578193,556867,
36.042811536,553445,
36.093034016,536705,
36.143248917,531034,
36.19347423,533502,
36.243692433,272420,
36.293884526,20054,
36.34405359,519270,
36.39431005,545184,
36.444547608,556713,
36.494778929,515109,
36.545004704,513272,
36.595234129,524945,
36.645464041,542236,
36.695726765,436692,
36.745921792,22531,
36.796134355,451422,
36.846362822,535918,
36.896590472,551321,
36.946817529,546079,
36.997059737,556182,
37.047286835,529172,
37.097513233,551141,
37.14773259,538026,
37.197960676,566484,
37.248206023,549099,
37.298423918,560933,
37.348667849,531641,
37.398899148,560736,
37.44907858,553206,
37.499290409,555038,
37.54951092,525733,
37.599746172,554085,
37.649975244,561428,
37.700200429,559097,
37.750498627,534050,
37.800729266,559796,
37.850937419,555021,
37.901170969,543445,
37.951403917,539441,
38.001622699,559504,
38.051844995,537795,
38.10208317,542530,
38.152315266,301023,
38.202462495,27285,
38.252593219,33624,
38.302785628,29763,
38.352971499,26935,
38.403175181,110638,
38.453351789,22672,
38.503539262,21923,
38.553728535,21906,
38.603907725,26888,
38.654052254,20865,
38.704165099,41450,
38.754317167,58004,
38.80450801,61233,
38.854647647,54703,
38.904797537,30004,
38.954985025,25799,
39.005186762,24748,
39.055388328,26188,
39.105546898,21988,
39.155659765,176961,
39.205858832,23407,
39.256066365,24236,
39.306265781,493051,
39.356477106,584380,
39.406657053,580024,
39.456863027,554778,
39.507105123,532513,
39.557338665,514657,
39.60756404,532042,
39.657806143,513408,
39.708033621,527321,
39.758248029,526389,
39.808465494,327016,
39.858681746,185568,
39.908876465,567701,
39.95905353,559310,
40.009223208,576052,
40.059405879,534157,
40.109639974,524684,
40.15986331,529036,
40.210086138,535492,
40.260322064,538217,
40.310539814,506991,
40.360747917,538193,
40.410977946,499190,
40.461194404,529825,
40.511425368,526943,
40.561671572,519578,
40.61189814,529988,
40.662126913,531732,
40.712362124,528095,
40.762630814,524390,
40.812867938,501735,
40.863132294,493949,
40.913349241,516079,
40.963562765,567055,
41.013769484,560371,
41.063995173,521505,
41.114216569,538134,
41.164446258,533858,
41.214688128,532743,
41.264926507,514717,
41.315160912,529631,
41.365379687,522964,
41.415601977,558672,
41.465848219,536374,
41.516070839,530624,
41.566291466,523855,
41.616525975,535594,
41.666758896,515324,
41.716977142,516570,
41.767233378,515794,
41.81744963,532399,
41.867679981,520990,
41.917905481,532454,
41.968130636,498207,
42.018352661,511729,
42.068616428,504650,
42.118869244,532429,
42.169076988,526697,
42.219277127,537001,
42.269535412,515966,
42.319755014,517327,
42.369977509,516647,
42.42021154,531317,
42.470440035,515713,
42.52065733,551494,
42.57088596,551445,
42.621080929,536474,
42.671300699,522451,
42.721541716,524036,
42.771784159,509109,
42.82202712,531554,
42.872256463,518450,
42.922485894,529215,
42.972715393,534135,
43.02292678,560711,
43.073080412,527406,
43.123298416,527127,
43.173574896,512891,
43.223778994,684797,
43.273981504,629329,
43.324189874,686108,
43.374385518,672748,
43.424611862,675526,
43.474810938,646832,
43.525007661,672992,
43.575219296,642710,
43.625425392,682624,
43.675622325,646940,
43.725815708,675351,
43.776026326,609683,
43.826234968,674490,
43.876430154,655920,
43.92661978,670305,
43.976827746,656150,
44.027022207,679904,
44.077226556,654042,
44.127419862,684478,
44.17761725,648856,
44.227812713,681179,
44.27801718,654117,
44.328225849,686695,
44.378429302,623644,
44.42862218,672843,
44.478830266,650713,
44.529017842,504018,
44.579188805,152587,
44.629366799,660520,
44.67956138,635946,
44.729754176,689083,
44.779972784,662385,
44.83016686,668653,
44.880375168,642673,
44.930573595,607846,
44.980765949,94433,
45.030953815,643367,
45.081142747,669427,
45.131336568,640777,
45.181534449,638850,
45.231723175,667751,
45.281925042,669296,
45.332119303,676379,
45.382321536,645068,
45.43251048,694556,
45.482730185,675698,
45.532923116,658851,
45.583122254,638522,
45.633320151,683603,
45.683536799,663496,
45.733738597,686967,
45.783931159,660963,
45.834125104,679223,
45.88432191,663438,
45.934525293,684133,
45.984730492,664099,
46.034931516,644552,
46.085071977,29427,
46.135186314,10623,
46.185283409,18316,
46.235395121,32871,
46.285552313,99959,
46.335746399,99669,
46.385928827,704789,
46.436123383,686910,
46.486359937,656747,
46.536546894,698767,
46.586736054,583805,
46.636918095,395739,
46.687111305,341185,
46.737274779,248455,
46.787438295,20547,
46.837547629,18339,
46.887646904,26538,
46.937772148,28325,
46.9878954,20836,
47.038012282,181545,
47.088185808,378103,
47.138379779,190337,
47.188531917,26452,
47.238660318,23488,
47.288784256,23959,
47.338919219,552654,
47.38912583,652510,
47.439407248,658777,
47.489608898,656159,
47.539810318,648928,
47.590019262,643699,
47.640215756,655619,
47.690421116,645452,
47.740621791,580729,
47.790820898,617465,
47.841047276,702894,
47.891275493,695884,
47.941488552,661445,
47.991713056,692468,
48.041931654,695705,
48.092152056,693584,
48.142378629,695597,
48.192645639,688396,
48.242877861,693762,
48.293080714,695436,
48.343271279,697008,
48.393487957,697217,
48.443703833,690831,
48.493911654,696029,
48.544120816,693537,
48.594360837,691560,
48.644584783,696373,
48.694793161,699616,
48.745029752,692707,
48.79524464,692229,
48.845470556,699935,
48.89569142,698583,
48.945901056,695854,
48.996131192,672785,
49.046341784,670743,
49.096590717,665805,
49.146799079,662913,
49.19699774,660411,
49.247220553,656685,
49.297435612,625135,
49.347624937,596210,
49.397816996,674112,
49.448024541,724446,
49.498233584,730080,
49.548436487,721204,
49.598647334,697604,
49.648839194,656533,
49.699052576,684559,
49.749256708,671661,
49.799452162,683875,
49.84965243,641858,
49.899850502,647286,
49.950085535,540088,
50.000267187,340632,
50.050466933,618834,
50.10066405,679680,
50.150865874,674863,
50.201076477,687554,
50.251289729,691080,
50.301490016,680222,
50.351684392,681093,
50.401913047,626122,
50.454022515,653685,
50.504203292,660198,
50.554402593,675494,
50.604610607,693987,
50.654821077,673563,
50.705021946,680765,
50.755221845,684110,
50.805440669,664922,
50.855657149,703320,
50.905861783,254995,
50.956810097,345466,
51.006997317,633105,
51.057206955,665121,
51.107403476,663783,
51.157605752,652900,
51.207799735,682477,
51.258009968,681828,
51.308210243,676103,
51.358409876,671585,
51.408615302,682286,
51.458821812,674797,
51.509053262,648077,
51.559309399,656536,
51.609512123,658313,
51.659718092,673093,
51.709923777,685280,
51.760142274,698760,
51.810373078,641372,
51.860567514,680105,
51.911056953,677376,
51.961248503,687023,
52.011453661,690599,
52.061652515,658783,
52.111860513,669618,
52.162064294,688232,
52.212268497,671460,
52.262477961,688051,
52.312684472,688391,
52.362890932,672016,
52.413086088,677955,
52.463276321,237201,
52.513434906,440233,
52.563631656,668808,
52.613825852,647119,
52.664011053,660461,
52.714213912,662074,
52.764421835,675348,
52.81463113,679704,
52.864848575,649656,
52.915066955,674282,
52.965264196,663581,
53.015470557,693016,
53.065682194,689352,
53.115886104,669078,
53.166093644,687313,
53.216293402,678718,
53.266494511,679391,
53.31676023,689284,
53.366972412,686498,
53.417196693,659166,
53.46739791,680277,
53.517617758,664750,
53.567822354,668725,
53.618021905,681098,
53.668225894,678604,
53.718427712,658253,
53.768628972,653205,
53.819131894,645748,
53.869320744,694408,
53.919518525,672533,
53.969738178,658911,
54.019932065,220758,
54.070085618,439275,
54.120278627,663495,
54.170486194,696965,
54.22069207,670944,
54.270889815,444128,
54.321079104,683294,
54.371274663,686736,
54.421481122,659696,
54.471683079,348136,
54.529849805,15274,
54.579962718,18780,
54.630077653,32876,
54.680212224,25515,
54.730337078,55745,
54.780491466,131323,
54.830650676,32599,
54.889638034,13791,
54.939760178,29012,
54.989893794,37050,
55.040034029,39974,
55.090160411,30097,
55.140278451,22995,
55.190392383,25963,
55.24051497,24537,
55.290637921,25405,
55.340761693,26194,
55.390873745,27243,
55.440991902,25133,
55.491116994,28187,
55.541259998,28168,
55.591384372,26832,
55.641542407,509055,
55.691740056,670087,
55.741956316,695871,
55.792162362,664547,
55.842362259,685225,
55.892560232,663795,
55.942752252,615905,
55.992931548,588159,
56.043133837,653186,
56.093324143,620922,
56.14352079,672367,
56.193723548,677243,
56.243919702,691212,
56.294114078,658972,
56.344302964,683741,
56.394505674,657437,
56.444693779,697467,
56.494900771,643534,
56.545077162,655912,
56.595270785,673632,
56.645479361,679566,
56.695679798,681911,
56.745881505,680304,
56.796076501,657053,
56.846269466,679343,
56.896466735,671788,
56.946666695,681553,
56.99687149,669010,
57.047068234,660939,
57.097265082,605243,
57.147433797,31593,
57.197576991,560948,
57.247768955,659601,
57.297987489,672259,
57.348180838,665285,
57.398373813,674059,
57.448565936,668117,
57.498754648,678901,
57.548953717,649058,
57.599145042,653095,
57.64933993,670076,
57.699529474,646830,
57.749723445,657291,
57.799930751,671588,
57.850117798,675826,
57.900310064,678507,
57.950507201,655819,
58.000699422,686176,
58.050890208,661310,
58.101082585,680579,
58.151271523,674255,
58.201472751,676902,
58.251692974,675369,
58.301883948,683670,
58.352076327,653413,
58.402266947,684481,
58.452460343,642153,
58.502675161,675776,
58.552881943,664167,
58.603075849,669203,
58.653269077,600468,
58.70343266,85533,
58.753608102,672057,
58.803809495,671553,
58.854003928,669361,
58.904194916,670119,
58.954388829,678678,
59.004585702,669270,
59.054802372,588001,
59.104989937,643790,
59.155195134,660370,
59.20540736,682590,
59.255610461,627690,
59.305800668,679149,
59.355998899,657723,
59.406198302,681056,
59.456404963,642141,
59.506598673,674087,
59.556796843,660830,
59.607005584,665299,
59.657209783,667132,
59.707421605,677516,
59.757634427,651386,
59.807823795,653780,
59.85801964,652499,
59.908213634,627612,
59.958407584,648891,
60.008606256,653903,
60.0588241,655872,
60.109032691,679280,
60.159233159,660729,
60.209421276,521048,
60.259592042,145890,
60.309772797,654908,
60.359968781,637148,
60.4101763,614908,
60.460369008,653994,
60.51057226,682253,
60.560780181,650760,
60.610977487,671568,
60.661170242,667460,
60.711368844,679457,
60.761571106,687835,
60.811788604,660600,
60.861987715,667162,
60.912178728,668872,
60.962374612,651328,
61.012580022,643642,
61.062773656,676212,
61.112978421,603702,
61.163181133,677900,
61.213385098,686251,
61.263599546,661426,
61.313797395,662432,
61.364001362,669930,
61.414195386,656407,
61.464399285,671615,
61.514605996,664974,
61.564811346,652526,
61.61501671,651583,
61.665216589,671752,
61.715400194,687053,
61.765602865,504715,
61.815761311,181421,
61.86594073,658405,
61.916130574,668427,
61.966333432,647157,
62.016532286,664471,
62.066731796,648283,
62.116920246,676264,
62.167130993,674093,
62.217338517,662203,
62.267531973,647754,
62.317726441,634858,
62.367936675,657328,
62.418138345,669569,
62.468340755,649368,
62.518547595,659103,
62.568741652,669112,
62.618941138,658826,
62.66913925,673962,
62.719327233,644725,
62.769532971,663699,
62.819726738,654036,
62.86993348,666093,
62.920136398,684430,
62.970327628,678507,
63.020527481,671723,
63.070726217,647011,
63.120922459,680527,
63.17114447,650556,
63.221334553,670693,
63.271535487,667607,
63.321730478,452484,
63.371893206,229380,
63.422078924,652991,
63.472289645,678904,
63.522500275,670764,
63.57269214,633224,
63.622884253,673479,
63.6730799,657746,
63.723260654,681558,
63.773462857,681959,
63.823654735,664147,
63.873861457,672726,
63.924064921,667734,
63.974265877,663620,
64.024480308,664078,
64.074714214,674913,
64.124936451,666468,
64.175144191,675127,
64.225339475,656244,
64.275535564,664144,
64.325743225,673587,
64.375939024,670878,
64.426184834,647396,
64.476381412,668816,
64.526581439,670976,
64.576774466,638433,
64.626994173,684417,
64.677192967,636702,
64.727374275,650692,
64.777570537,662178,
64.827764046,511970,
64.877954058,369856,
64.928111296,177772,
64.978308638,615039,
65.02850464,631911,
65.078707423,676444,
65.128917436,676445,
65.179134416,671801,
65.229332678,670980,
65.279527029,654833,
65.329723128,678236,
65.379924601,666614,
65.430133739,673972,
65.480335504,679879,
65.53053813,675465,
65.580721423,664828,
65.630936014,673239,
65.681133905,684066,
65.731337562,674568,
65.78153268,680427,
65.831728111,654504,
65.881920552,651257,
65.932116189,688283,
65.982341917,677542,
66.032528547,642963,
66.082717062,645287,
66.132919815,671821,
66.183162617,687336,
66.2333768,667121,
66.28356786,656877,
66.333758073,662283,
66.383948452,672117,
66.434139757,355263,
66.48429519,348198,
66.534495403,656393,
66.584693707,665147,
66.634892151,668938,
66.685086244,663694,
66.73530576,672785,
66.785520555,670249,
66.835707476,655394,
66.885903448,663147,
66.936096767,653235,
66.986296006,632409,
67.036482636,645931,
67.086707881,662357,
67.136895241,687006,
67.187106408,685019,
67.237304638,667759,
67.287495976,677185,
67.337688806,676447,
67.387887813,657258,
67.438088616,681579,
67.488288935,662068,
67.538533225,651636,
67.588723892,668025,
67.638933223,662760,
67.689130734,674872,
67.739337409,687134,
67.789545102,679456,
67.839739323,666927,
67.889942672,681098,
67.940143937,678220,
67.990338741,290112,
68.0404915,392351,
68.090692288,623233,
68.140883088,658025,
68.191093794,682651,
68.241288073,681881,
68.291491688,681151,
68.341698431,677448,
68.39188621,681147,
68.442082839,679084,
68.492272288,674988,
68.542479599,660151,
68.592679682,674929,
68.642887603,688339,
68.693079463,677074,
68.743269284,678912,
68.793463281,670699,
68.843659499,646555,
68.893864573,694163,
68.944073833,672072,
68.994276452,687355,
69.044472425,680970,
69.09467038,665028,
69.144868896,679289,
69.195067162,685542,
69.245261355,666994,
69.295456911,688172,
69.345666874,681934,
69.395861821,650912,
69.44605844,681350,
69.496259588,675344,
69.546454349,223879,
69.59660546,454984,
69.646800015,597828,
69.696993879,648980,
69.747194842,690072,
69.797412051,676099,
69.847605271,661512,
69.897811915,664494,
69.948003072,399499,
69.998158722,419893,
70.048357293,615049,
70.098554691,675874,
70.14875918,668208,
70.198956183,685238,
70.249150543,645465,
70.299333699,649946,
70.349548174,623260,
70.399746459,611368,
70.449948261,688359,
70.500161421,670885,
70.550360862,642699,
70.600551288,684276,
70.650768189,670341,
70.700971538,675153,
70.751181025,636803,
70.801377889,670415,
70.851572827,659041,
70.901776077,671700,
70.951983171,671675,
71.002175603,667875,
71.052367272,662248,
71.102568822,181972,
71.152728033,504593,
71.202982548,689049,
71.253187274,656866,
71.303381203,669677,
71.353579153,685033,
71.403774364,665080,
71.453977796,687505,
71.50418152,675474,
71.554378523,650988,
71.604576566,673422,
71.654782877,674982,
71.704994684,680919,
71.755212047,675416,
71.805408613,665988,
71.855601324,672634,
71.905799061,642913,
71.95600549,684148,
72.006194733,660700,
72.056378795,658712,
72.106574173,661154,
72.156778018,668900,
72.206977661,611088,
72.257172426,666551,
72.307364702,691840,
72.357563291,678322,
72.407765088,681243,
72.457966872,670774,
72.508168659,663542,
72.558361083,654271,
72.608557825,671080,
72.658746964,150697,
72.708895907,550228,
72.759095002,692404,
72.809291363,668991,
72.859493777,675591,
72.909696081,690408,
72.959900789,678584,
73.010107023,652911,
73.060302549,679047,
73.110510396,630285,
73.160708158,682816,
73.210914694,670486,
73.261083619,665829,
73.311291375,680565,
73.36148676,687135,
73.411688984,652158,
73.461882508,665005,
73.512082855,674036,
73.562284701,677315,
73.612513461,653770,
73.662718231,687881,
73.712922447,657810,
73.763139017,697140,
73.813371715,656615,
73.863572019,688399,
73.913774061,631321,
73.963961518,693140,
74.014165812,663083,
74.064366015,679192,
74.114577184,669547,
74.164796895,680961,
74.214995271,78900,
74.265142718,619932,
74.315333592,667712,
74.365533534,680566,
74.415734952,670381,
74.465937639,697420,
74.516144041,681709,
74.566347323,675182,
74.616542108,680517,
74.666742338,649700,
74.716939445,684010,
74.767145321,677489,
74.817340876,672293,
74.867540626,661137,
74.917742813,665841,
74.967931592,255600,
75.018082903,589204,
75.068294533,663385,
75.118493578,658209,
75.168687004,675841,
75.218887161,670304,
75.269078342,662409,
75.319272006,672984,
75.369465123,692520,
75.419663733,624203,
75.469851818,683446,
75.520050525,672885,
75.570247459,663387,
75.620431898,669290,
75.670637053,684287,
75.720847681,660911,
75.771043257,27750,
75.821176716,606761,
75.871362862,647585,
75.921560954,690670,
75.971748732,676885,
76.021945465,679928,
76.072135097,626847,
76.122343969,635235,
76.172536142,665008,
76.2227344,678593,
76.272924779,682149,
76.323124179,683785,
76.373321314,660693,
76.423505441,647092,
76.473696363,680988,
76.523881896,477236,
76.574076551,611564,
76.624272133,643060,
76.674470623,617194,
76.724666301,619077,
76.774858491,628769,
76.825054767,606239,
76.875269804,625312,
76.925473569,582155,
76.975686425,597187,
77.025926672,615047,
77.076121833,608161,
77.126327693,622177,
77.176525613,606294,
77.226737321,620691,
77.276959774,593891,
77.327166845,606501,
77.377360991,604278,
77.427571421,595110,
77.47780201,623176,
77.527992469,597397,
77.578194704,615894,
77.628417541,588576,
77.678620994,601238,
77.728843272,591521,
77.779045042,590982,
77.82928376,605950,
77.879488709,581553,
77.929713874,594343,
77.979909402,578903,
78.030132168,582667,
78.080345699,574990,
78.130529649,590129,
78.18073056,587538,
78.230912435,588215,
78.281081324,591699,
78.331266364,588947,
78.381467969,592896,
78.431654121,591910,
78.481852311,595488,
78.532057229,584981,
78.582254378,597302,
78.63247105,582952,
78.682678905,590812,
78.732891527,579576,
78.783107588,588987,
78.833308597,575536,
78.883532411,584675,
78.933737588,562794,
78.983948347,539551,
79.034157942,580251,
79.084381631,565010,
79.134589404,588192,
79.184781492,563979,
79.234998609,583169,
79.285209369,568601,
79.335437846,566391,
79.38563828,568495,
79.435860074,554272,
79.48609428,575763,
79.5362988,577246,
79.586501127,572460,
79.636699913,569797,
79.6869021,557849,
79.737122581,581790,
79.787343341,557674,
79.837537833,568202,
79.887748283,571229,
79.937949972,551161,
79.988183371,576892,
80.03839531,550152,
80.088596142,593557,
80.138805861,565834,
80.189029352,577670,
80.239260313,557229,
80.289460829,584755,
80.339673958,559732,
80.389894677,521417,
80.440109418,612794,
80.490355355,602304,
80.540562308,595584,
80.590765355,612692,
80.640985922,602086,
80.691199352,591556,
80.741409684,608137,
80.791626231,554548,
80.841830923,572003,
80.89204367,560694,
80.942315022,554070,
80.992536005,564290,
81.042748026,550150,
81.092933012,568205,
81.143141015,569451,
81.193346631,545291,
81.243592569,568370,
81.293793365,540057,
81.344019444,587166,
81.3942366,581142,
81.44443522,595076,
81.49464058,579841,
81.544861032,606130,
81.595090947,593825,
81.645314773,583657,
81.695532591,606607,
81.745749235,585582,
81.7959513,580708,
81.846146398,607835,
81.896366417,589603,
81.946571163,591851,
81.996748721,599241,
82.046964833,587135,
82.097173735,606383,
82.147383161,591055,
82.197602338,581775,
82.247833594,613057,
82.29807679,603396,
82.348289327,603742,
82.39849421,614951,
82.448697039,601511,
82.498905693,599170,
82.549075266,616655,
82.599280676,600084,
82.649491468,602029,
82.699696485,613417,
82.749957036,601215,
82.800184318,599712,
82.85041173,608835,
82.900620961,593050,
82.950827527,604947,
83.001033681,611760,
83.051248578,596707,
83.101471568,602313,
83.151677951,616378,
83.201883108,599433,
83.252092568,603882,
83.302319246,619784,
83.352528715,603314,
83.402747027,599434,
83.452974767,613903,
83.503190168,599058,
83.553401079,599992,
83.603649592,616898,
83.653872621,600187,
83.704083981,590978,
83.754313318,611950,
83.804521981,602489,
83.854738191,597632,
83.904996013,621625,
83.955249804,600864,
84.005480998,595699,
84.055696769,616734,
84.105920025,600850,
84.156130862,591492,
84.206363294,614179,
84.256570045,608931,
84.306790154,596536,
84.357008161,597846,
84.407198892,604899,
84.457409512,598907,
84.50761498,594299,
84.557854914,608697,
84.608085342,595643,
84.658295386,600477,
84.708489427,610664,
84.758694298,594014,
84.808901848,596690,
84.859092269,608887,
84.909304772,595380,
84.959524923,605701,
85.009730953,606588,
85.059944679,597449,
85.110172283,608503,
85.160414964,606600,
85.210620524,599718,
85.26083554,600247,
85.311053116,609944,
85.361263468,599538,
85.411478522,597628,
85.4616797,613592,
85.511920137,598739,
85.562131268,601837,
85.612408253,610188,
85.662622958,598935,
85.712824415,604573,
85.763032902,615961,
85.813280447,601929,
85.863494949,596767,
85.913724331,614069,
85.963951533,602539,
86.014186353,600543,
86.064418462,615920,
86.114664949,598609,
86.16487747,597512,
86.21512416,614317,
86.26535113,604237,
86.315574865,598588,
86.365799668,616619,
86.416052208,597305,
86.466290471,592696,
86.516532262,622169,
86.566747561,601989,
86.616974259,591605,
86.667211276,614762,
86.71744305,600434,
86.767658054,591990,
86.817906054,618066,
86.868137086,600888,
86.918354461,598156,
86.968599199,614041,
87.018818642,607204,
87.069022363,600389,
87.119249703,612350,
87.169496375,606129,
87.219716906,603390,
87.269952301,607978,
87.320182983,606877,
87.370395037,597782,
87.420615904,603412,
87.470830216,604809,
87.521041954,596815,
87.571256997,606227,
87.621458943,606134,
87.6716657,596690,
87.721883737,599122,
87.772069595,609671,
87.822291305,597499,
87.872507976,606635,
87.922748011,612711,
87.972955441,597215,
88.023176096,598489,
88.073381627,614513,
88.123587979,596709,
88.173814495,600447,
88.224040909,608432,
88.274273316,598927,
88.324497961,596746,
88.374710395,610947,
88.424932901,596787,
88.475160185,595149,
88.525386253,608954,
88.575623486,605191,
88.625846943,596339,
88.676094523,611050,
88.726324629,612876,
88.776534014,595727,
88.826748512,594485,
88.876985048,617744,
88.927193793,597329,
88.977402462,588356,
89.027620819,618897,
89.077821351,602167,
89.12803665,591279,
89.178259718,618317,
89.228480918,596559,
89.278686991,598965,
89.328900823,609134,
89.379116895,597658,
89.429328352,596409,
89.479551331,606072,
89.529787303,599014,
89.579996889,595365,
89.630203122,612046,
89.680451326,604029,
89.730660376,593281,
89.780858935,603167,
89.831050543,611671,
89.881256542,587428,
89.931456905,615820,
89.981668711,613058,
90.031878035,598205,
90.082090439,622012,
90.132295198,605375,
90.182522709,593376,
90.232728943,609267,
90.283006501,603819,
90.333210888,617249,
90.383417602,600596,
90.433649377,621989,
90.483873689,609311,
90.534089986,600692,
90.584324693,613970,
90.634542976,608184,
90.68474561,605962,
90.734948969,604477,
90.785149279,620451,
90.835367545,614265,
90.885579811,604400,
90.935789591,610773,
90.985992375,609498,
91.036245721,606542,
91.086449731,610333,
91.136652253,610438,
91.186862012,606129,
91.237074563,597325,
91.287280819,624934,
91.337494303,610397,
91.387698869,607714,
91.437901871,600198,
91.48809978,616094,
91.538298498,559440,
91.588478123,620337,
91.638686692,606457,
91.688891068,598457,
91.739123245,614504,
91.789339717,612813,
91.839559546,604999,
91.889760543,605740,
91.939986296,617595,
91.990199153,602203,
92.04040538,602310,
92.090615065,620555,
92.140823266,605688,
92.191039308,600531,
92.24124128,606814,
92.291445239,618425,
92.341658052,605383,
92.391862802,604870,
92.442071783,617457,
92.492285431,605475,
92.542500075,604215,
92.592713238,619264,
92.642917004,616021,
92.693120038,604934,
92.743318578,601517,
92.793572088,619509,
92.843836995,605775,
92.894042835,604224,
92.944245387,613127,
92.994536893,617166,
93.044739665,605514,
93.09494354,603083,
93.145162921,618354,
93.195368269,602461,
93.245585781,600002,
93.295795846,620889,
93.346036234,609742,
93.396245092,604637,
93.446443468,601927,
93.496647063,622631,
93.546872291,603702,
93.597075485,604566,
93.6473189,624443,
93.697538333,603198,
93.747742576,600468,
93.797938388,611248,
93.848128836,613408,
93.898344658,605485,
93.94855486,609258,
93.998768635,618896,
94.048971963,608689,
94.099180812,599942,
94.149406379,618236,
94.199615771,610820,
94.249812945,603393,
94.300031634,605720,
94.350232487,616513,
94.400432469,604332,
94.450627481,604186,
94.50085841,623429,
94.551071111,607260,
94.601279083,604615,
94.651476756,613966,
94.701678556,620702,
94.751885114,601443,
94.802091613,598966,
94.852361323,615513,
94.902576979,607052,
94.952792295,602042,
95.003016577,623085,
95.053248224,610351,
95.103458241,606100,
95.153672693,609929,
95.203864142,622014,
95.254069148,599874,
95.304276981,603691,
95.354515029,619777,
95.404732125,607728,
95.454945294,605742,
95.505174998,616361,
95.555385882,611183,
95.605601886,609108,
95.655814776,605797,
95.706021074,619233,
95.756239896,602494,
95.80644974,600459,
95.856689508,621222,
95.906945647,601711,
95.957145959,606795,
96.007359714,614974,
96.057568392,609990,
96.107774571,608644,
96.157986171,605039,
96.20823352,617470,
96.258439116,584081,
96.308653231,596062,
96.358948376,613674,
96.409158042,598589,
96.459384547,602538,
96.509595016,620070,
96.559821034,607169,
96.610027836,596742,
96.660243577,623316,
96.710468562,609251,
96.760683208,606137,
96.810898467,610213,
96.861075191,617248,
96.911278061,597693,
96.961507002,599237,
97.011710317,617344,
97.061908642,618545,
97.11212539,609989,
97.162338172,606447,
97.212541826,620298,
97.262742103,606311,
97.312949587,602637,
97.363165167,618994,
97.413388783,606768,
97.463597177,606384,
97.513803219,608491,
97.564021954,619957,
97.614231911,607098,
97.664448578,617230,
97.71464718,617285,
97.764858118,604413,
97.815077351,625525,
97.865281132,607973,
97.915504715,600568,
97.965724564,619538,
98.015922503,610961,
98.066126034,608156,
98.116331619,611113,
98.166585872,620216,
98.21682704,604616,
98.267031357,599462,
98.317238039,615814,
98.367443511,601934,
98.417659974,599183,
98.467886503,601678,
98.518087244,617347,
98.56829657,613931,
98.618507162,601222,
98.668734629,624140,
98.718981171,605150,
98.769189758,600155,
98.81940489,617851,
98.869626517,613091,
98.919843661,602487,
98.970048075,605601,
99.02024625,615435,
99.070472291,604608,
99.1207008,603236,
99.170938126,624293,
99.221147185,611929,
99.271345796,619152,
99.321562928,602693,
99.371768732,616312,
99.42198378,602401,
99.472189641,601385,
99.522408277,619678,
99.572633893,610311,
99.62285011,600562,
99.673057025,608105,
99.723260032,609718,
99.773466997,602249,
99.823688385,603084,
99.873942199,616151,
99.924161928,607156,
99.974370629,606445,
100.024588911,617597,
100.074834096,611895,
100.125055075,603694,
100.175294576,609233,
100.225485644,620642,
100.275691272,604820,
100.325905294,602167,
100.37620607,621462,
100.426412106,605450,
100.476619318,601061,
100.526842572,615545,
100.577050395,615530,
100.62729307,602397,
100.677495248,603526,
100.727715283,620124,
100.777933208,604315,
100.828155383,598717,
100.87839077,620906,
100.928613375,605382,
100.978824087,597677,
101.029032414,618299,
101.079247401,608504,
101.12945385,607540,
101.179653211,604727,
101.229839968,620145,
101.280046894,606067,
101.330251453,598141,
101.380514729,617230,
101.430737457,606712,
101.480957039,599596,
101.531169961,619646,
101.581408353,613210,
101.631619091,599838,
101.681827333,606029,
101.732040564,618138,
101.782288913,604324,
101.832499862,609794,
101.882729986,621312,
101.932967557,600263,
101.98318403,599986,
102.033412691,614736,
102.083644317,608163,
102.133855871,599165,
102.18408301,605406,
102.234285047,614467,
102.284491139,599965,
102.334700202,595905,
102.384973182,619824,
102.435190931,604666,
102.485405126,600855,
102.535641653,616471,
102.585857873,609410,
102.636072624,598551,
102.686290905,604042,
102.736493251,608971,
102.786713366,600623,
102.836943595,598889,
102.887197789,621095,
102.93743797,605550,
102.987652675,597909,
103.037876592,608907,
103.088098481,610755,
103.138314226,606531,
103.188525393,601230,
103.238739691,615386,
103.288949509,601225,
103.339172652,600795,
103.389391444,619589,
103.439609592,605061,
103.489863746,601535,
103.540074918,603880,
103.590279239,619632,
103.640502609,602593,
103.690710289,599059,
103.740921157,611097,
103.791140184,600385,
103.841358048,599846,
103.891569116,617214,
103.941787406,607088,
103.991997744,596358,
104.042204636,603965,
104.092401771,616053,
104.142621375,607879,
104.19284324,598728,
104.2430779,616181,
104.293295631,602192,
104.343520575,594447,
104.393738988,612976,
104.444029335,611744,
104.494246797,604236,
104.544466652,598085,
104.594691828,618344,
104.644906289,604232,
104.695134413,601018,
104.74536367,618799,
104.795604096,606555,
104.845816413,601966,
104.89603814,603341,
104.946245231,621662,
104.996449876,601143,
105.046679011,601434,
105.096930217,621200,
105.147157538,610971,
105.197376091,599355,
105.247579273,609305,
105.297871163,614463,
105.348083735,597883,
105.398306535,603341,
105.448535502,617590,
105.498751877,602958,
105.548979468,593050,
105.599209616,624494,
105.649428305,603794,
105.699651002,601094,
105.749873713,613532,
105.800110748,605349,
105.850321184,603422,
105.900529469,601942,
105.950737831,621908,
106.00097164,608250,
106.05118949,598095,
106.101395502,621331,
106.151602721,611485,
106.201820128,604605,
106.252030196,605059,
106.302238077,619965,
106.352463358,600298,
106.402682959,601144,
106.452892225,617229,
106.503138459,603021,
106.553347301,599860,
106.603577595,615414,
106.653790066,615971,
106.704023712,597684,
106.75423728,600146,
106.804448545,616461,
106.854676676,603636,
106.904896645,597024,
106.955136233,616259,
107.005350622,609279,
107.055564561,597355,
107.105784314,599961,
107.156004478,612652,
107.206214277,608173,
107.256422193,601652,
107.306633394,621609,
107.356890782,604452,
107.40710975,600909,
107.457315569,613492,
107.507542243,610028,
107.557759605,600963,
107.607971191,607768,
107.658197572,618348,
107.708404841,598617,
107.758620024,596994,
107.808835895,618006,
107.859041039,604987,
107.909252735,599573,
107.959482121,615204,
108.009727162,609848,
108.059977552,607742,
108.11019083,471047,
108.160400826,36083,
108.21055777,359211,
108.260755336,614921,
108.310970771,613879,
108.361211679,616282,
108.411441211,607533,
108.461670714,598048,
108.511902129,620499,
108.562124592,605850,
108.612358879,609139,
108.662592037,618445,
108.712808475,611664,
108.763035891,605307,
108.813258786,609150,
108.863518382,615100,
108.913737534,606662,
108.963962567,602344,
109.014214533,619404,
109.06445307,600517,
109.114675547,590401,
109.164928915,620533,
109.215160991,608536,
109.265394236,600780,
109.315614052,605999,
109.365826048,614412,
109.416070036,603050,
109.466290448,595448,
109.516522011,619805,
109.566755467,602939,
109.61698973,597976,
109.667217983,616508,
109.717443942,611215,
109.76766966,604158,
109.817920778,601404,
109.868123779,572905,
109.918367333,553715,
109.968598836,529543,
110.01884239,551238,
110.069080127,539225,
110.119324653,534224,
110.16959883,530014,
110.219836257,525214,
110.270107363,563903,
110.320350671,543887,
110.370602663,526672,
110.420853012,531595,
110.471102144,531875,
110.521356318,536134,
110.571603229,529232,
110.621980071,522041,
110.672242269,539002,
110.722500394,529456,
110.772748282,529569,
110.823011673,520586,
110.873239913,520062,
110.923468535,421512,
110.973688079,88218,
111.023917204,498403,
111.074154849,478381,
111.12437101,497283,
111.1745882,526514,
111.224821767,556554,
111.275062619,533587,
111.325284663,528498,
111.375514669,528493,
111.425740981,526759,
111.475975954,520913,
111.526224897,516027,
111.576455185,532262,
111.626704004,530838,
111.676931015,524924,
111.72716979,525906,
111.777438142,529646,
111.827686379,555814,
111.877911615,551950,
111.928154651,529179,
111.978376788,507743,
112.028609096,523217,
112.078835605,523034,
112.129053544,521298,
112.179270988,513924,
112.229484044,519305,
112.279700175,516849,
112.329926542,538254,
112.380152638,522933,
112.430378975,529556,
112.480619265,523957,
112.530911881,519513,
112.581163224,535575,
112.631380548,529417,
112.681660607,525569,
112.73189277,525642,
112.782122797,526640,
112.832360118,564531,
112.882577537,532224,
112.93279792,531638,
112.983035962,512700,
113.033283384,528494,
113.083508656,525869,
113.133734723,534165,
113.183965685,494031,
113.234178512,539136,
113.284402223,527999,
113.334635611,532705,
113.384876585,397385,
113.435072884,18042,
113.485321872,513005,
113.535551836,531958,
113.585824648,535392,
113.636071382,518192,
113.686323854,524978,
113.736572412,533034,
113.7868203,525259,
113.837057817,533496,
113.887292884,526769,
113.937519619,537885,
113.98776033,532974,
114.038008225,530848,
114.088240334,530049,
114.138467626,514774,
114.18869414,520474,
114.238925789,538689,
114.289150148,532671,
114.33938361,538614,
114.389607944,547262,
114.439823751,536813,
114.490054288,532065,
114.540289841,532632,
114.590530739,517320,
114.640760385,527810,
114.690987212,531305,
114.741219611,530844,
114.791475908,524207,
114.841708882,521541,
114.891946901,515536,
114.942163949,466793,
114.992375213,28541,
115.042584912,377662,
115.0928042,483767,
115.143021749,517814,
115.193271673,518514,
115.243500869,477451,
115.293720057,518029,
115.343958799,513644,
115.394202223,513759,
115.444448036,509703,
115.494681373,521837,
115.544907538,515170,
115.59514118,521016,
115.645358163,514024,
115.69557555,526632,
115.745806711,507227,
115.796037978,511754,
115.846252902,526981,
115.896454763,636408,
115.946656501,671246,
115.996847735,645322,
116.047049631,658943,
116.09724967,661291,
116.147459918,638607,
116.197659307,635311,
116.247854731,664233,
116.298056959,664677,
116.348255078,652091,
116.398449131,633508,
116.448645305,658292,
116.498846948,661204,
116.549075425,123164,
116.599234384,560589,
116.649427989,677376,
116.69961928,665331,
116.749812278,685574,
116.800015328,643188,
116.850219554,657927,
116.900814272,667930,
116.951007972,649574,
117.001238398,654997,
117.051441131,655484,
117.101661931,674909,
117.151958854,626217,
117.202151259,621224,
117.252358656,584638,
117.30255545,669736,
117.352757737,660050,
117.402962788,656834,
117.453162507,635251,
117.503353495,662697,
117.553549283,658957,
117.603747816,661192,
117.653960748,667580,
117.704159435,667067,
117.754362182,674038,
117.804559416,647060,
117.854773862,660914,
117.90497335,639680,
117.955184059,666050,
118.005377952,646635,
118.055584523,635060,
118.105777611,57681,
118.155932578,632169,
118.206124755,658118,
118.256322814,661727,
118.306533261,662040,
118.356733799,674470,
118.406946451,670136,
118.45714275,668548,
118.507339206,660897,
118.557529874,666666,
118.607723131,628926,
118.657925171,670020,
118.708122874,664881,
118.758319428,668535,
118.808510782,647947,
118.85871872,677326,
118.90891269,661252,
118.959114386,673356,
119.009321302,656522,
119.059516623,660250,
119.109713896,652814,
119.159912214,682090,
119.210100036,663506,
119.260292469,670339,
119.310493958,667648,
119.360691524,633169,
119.410894694,657614,
119.461079485,671647,
119.511270822,604313,
119.561463767,664484,
119.611650869,654486,
119.661835697,33798,
119.711982053,648513,
119.762175371,672783,
119.812372024,647443,
119.862566421,672586,
119.912770442,615392,
119.962956882,380852,
120.013080555,438122,
120.063266578,653956,
120.113478588,642701,
120.163676551,683425,
120.213868831,667712,
120.26406594,681849,
120.314266343,652592,
120.364463519,669023,
120.414696219,615103,
120.464905292,672122,
120.515103379,652469,
120.565304673,667252,
120.615495893,644553,
120.665700539,661679,
120.715887496,641642,
120.766083956,650749,
120.816290362,661520,
120.866501312,676644,
120.916700113,647235,
120.966898834,668632,
121.017085217,651109,
121.067283961,609212,
121.117478333,621621,
121.167673895,632198,
121.217857582,72665,
121.268045618,682624,
121.318262747,646600,
121.368482014,683594,
121.418681038,644740,
121.468884202,682995,
121.519087408,629278,
121.569281443,668288,
121.619472695,661194,
121.669680348,664627,
121.719884125,672869,
121.770097798,677384,
121.820298069,624805,
121.870488856,637087,
121.92068543,621472,
121.970886434,674763,
122.021080014,654582,
122.071277076,656637,
122.121491025,630326,
122.171670035,670961,
122.221866686,652442,
122.272060685,670998,
122.32225921,658896,
122.372484027,682637,
122.422687482,655719,
122.472882064,673199,
122.523082697,643936,
122.573282895,668430,
122.623489618,680414,
122.673691063,671787,
122.723881092,544929,
122.77404286,85781,
122.824213095,640940,
122.874399526,675767,
122.924597507,614941,
122.974785702,626674,
123.024975557,670082,
123.075182018,648153,
123.125371561,642321,
123.175568131,669518,
123.225770676,673097,
123.275975562,671369,
123.326184545,652289,
123.376378526,663298,
123.426577611,640794,
123.476779042,674218,
123.526972673,661081,
123.577179985,566346,
123.627371281,651480,
123.677558668,673535,
123.727771476,650296,
123.777963241,665692,
123.828171923,633894,
123.878366917,672660,
123.928559282,664400,
123.97876112,661582,
124.028958394,615531,
124.079167955,637176,
124.129361418,650653,
124.179553155,670858,
124.229749646,651471,
124.279941731,519259,
124.33010897,176571,
124.380300806,673505,
124.43050341,658992,
124.48070263,672648,
124.530898192,652304,
124.581079721,625762,
124.63127562,655758,
124.681472473,671447,
124.731660168,643573,
124.781865549,670852,
124.832066571,626010,
124.882264804,662945,
124.932455389,612826,
124.982654632,189506,
125.032827405,638847,
125.083032141,641394,
125.133218175,660053,
125.183404295,631503,
125.233592979,595272,
125.283788148,660363,
125.333985785,675698,
125.384172835,658779,
125.434372631,666658,
125.484588308,672665,
125.534799626,692361,
125.585018668,656340,
125.635209886,667791,
125.685400474,649554,
125.735591077,671734,
125.785816503,674265,
125.836017171,475118,
125.886176156,243125,
125.936370742,658445,
125.98656787,630170,
126.036776353,671589,
126.086983316,625944,
126.137173281,635206,
126.187367478,671398,
126.237552657,660510,
126.287743149,601788,
126.337944271,659609,
126.388130997,652146,
126.438329617,665779,
126.488524107,644729,
126.538728202,673440,
126.588926781,658704,
126.639131434,622646,
126.68932233,646359,
126.739513091,669643,
126.789710985,672816,
126.83991972,623989,
126.890113357,650409,
126.940307422,632665,
126.990494284,677543,
127.040703874,670512,
127.090905663,635982,
127.14108195,668805,
127.191279068,654668,
127.241476581,682431,
127.291696138,653625,
127.341887795,651470,
127.392076678,399506,
127.442231466,264172,
127.492432688,659582,
127.542624837,682256,
127.592819347,651355,
127.64301661,666957,
127.693224921,656667,
127.743419197,679090,
127.793605007,655549,
127.843793303,617706,
127.893989373,658146,
127.944190027,682049,
127.994379898,655974,
128.044569287,673665,
128.09477543,644678,
128.144972522,637467,
128.195158937,658516,
128.245354352,628616,
128.295553376,649122,
128.345754768,675242,
128.395965806,669441,
128.446181192,669584,
128.496373993,640407,
128.546562805,671536,
128.596752942,653604,
128.646957108,687454,
128.697156408,662511,
128.747341251,671993,
128.797530085,664179,
128.847718474,630208,
128.897946101,670961,
128.948140674,378147,
128.998296505,322181,
129.048486619,615474,
129.098684796,656331,
129.148886377,673625,
129.199074789,678831,
129.249275978,675182,
129.299463593,650253,
129.349657155,672163,
129.39985548,655057,
129.450059941,678686,
129.500272703,665791,
129.550464107,652721,
129.600650462,620203,
129.650833844,604831,
129.701016092,653205,
129.751221174,675716,
129.801420946,668042,
129.851601863,678674,
129.901807,662291,
129.951998355,667131,
130.002186578,647186,
130.052385835,670429,
130.102587817,678782,
130.152794612,670103,
130.202986522,655269,
130.253172303,666741,
130.303367581,650547,
130.35357318,673943,
130.40377299,624877,
130.45396431,624797,
130.504150443,320230,
130.554308369,337540,
130.604501183,644608,
130.654685573,666754,
130.704871355,593607,
130.75505617,653559,
130.805239849,640071,
130.855426867,670446,
130.90562747,658321,
130.955823227,682146,
131.006045436,658923,
131.056223057,662764,
131.106407922,625171,
131.156605237,670685,
131.206813521,664390,
131.257010225,676126,
131.30719889,573587,
131.357391434,676561,
131.407609463,669687,
131.457813188,665458,
131.507997154,645822,
131.558177267,667020,
131.608367801,628740,
131.65855289,672720,
131.708759643,646669,
131.758947694,670944,
131.809136805,643593,
131.859328767,641998,
131.909512958,638780,
131.959698348,617226,
132.009902986,667477,
132.060092925,276991,
132.110244198,388504,
132.160423842,633695,
132.210624139,670068,
132.260819202,565897,
132.311020351,643979,
132.361211839,678708,
132.411407352,633139,
132.461584369,645816,
132.511784706,645068,
132.561975877,674171,
132.612152811,659104,
132.662336949,664056,
132.712516735,584598,
132.762700755,687757,
132.812898666,647606,
132.863092444,614236,
132.913269519,642611,
132.963439706,632234,
133.013620118,622996,
133.063806587,656736,
133.114037812,660275,
133.164217703,669662,
133.21439921,644925,
133.264586821,660288,
133.314774554,638374,
133.364969926,657995,
133.415806407,641090,
133.465989674,676420,
133.51616967,646080,
133.566349545,641513,
133.616533945,207162,
133.666688921,468616,
133.716881371,628020,
133.767064723,641738,
133.817243165,642770,
133.867419484,661687,
133.917613652,650835,
133.967805986,626506,
134.017984181,647409,
134.068162221,650333,
134.118344411,633151,
134.16852671,647976,
134.218719687,670740,
134.268900782,606427,
134.319099554,662520,
134.369281996,647890,
134.419469526,659108,
134.469659892,654709,
134.519842726,675629,
134.570034702,642864,
134.620216626,664293,
134.670409393,652529,
134.720604984,674797,
134.770798582,657427,
134.820984832,646919,
134.871158944,649638,
134.921345128,633853,
134.971533571,650073,
135.021721836,659229,
135.071902145,621392,
135.122093708,675282,
135.172294555,165807,
135.222447941,449644,
135.272634485,608562,
135.322831821,658559,
135.373017177,654340,
135.423201142,653638,
135.473400569,616692,
135.523596293,663422,
135.5737805,631065,
135.623999939,630295,
135.674185967,640719,
135.724363244,666014,
135.774552126,646259,
135.824739253,657120,
135.874925148,667037,
135.925077712,661490,
135.975255309,644388,
136.025438179,646640,
136.075630994,650608,
136.125828789,657919,
136.176017786,649346,
136.226214613,650257,
136.276407987,616109,
136.32659329,653491,
136.376779413,655283,
136.426969855,662067,
136.477164383,666396,
136.527369339,653745,
136.577567399,647829,
136.627764617,666680,
136.677965431,637167,
136.728152676,168257,
136.778309995,506273,
136.828499885,652049,
136.878703263,649056,
136.928911328,660562,
136.97912298,619437,
137.029316527,660306,
137.079510853,644206,
137.129712831,661957,
137.179914522,658571,
137.230114229,660481,
137.280308125,649688,
137.330502126,646631,
137.380698302,630978,
137.430905136,605107,
137.48108259,655151,
137.531273939,666812,
137.581461737,638986,
137.631649268,654853,
137.681843357,641303,
137.732037224,663926,
137.782226212,612955,
137.832440119,646785,
137.882639271,650683,
137.932839793,627527,
137.983038388,643033,
138.033236194,668070,
138.083438237,639652,
138.133639268,660931,
138.183837866,648727,
138.234039689,661524,
138.28423188,114682,
138.334386154,549587,
138.38459259,620686,
138.434787887,665889,
138.484986697,617358,
138.535191518,624091,
138.585379822,628196,
138.63557514,668541,
138.685785849,659715,
138.736004184,644563,
138.786202165,650439,
138.836391347,655761,
138.88659538,653860,
138.936803138,667001,
138.987015004,647557,
139.037205981,673538,
139.087401631,643501,
139.137597156,655860,
139.187799554,664303,
139.238015844,667731,
139.288211634,598433,
139.338417944,633573,
139.388630651,653280,
139.438826004,655725,
139.489022819,644900,
139.539221233,663251,
139.589414391,622311,
139.639607858,631003,
139.689805886,628482,
139.740010344,671056,
139.790209401,563394,
139.840409475,64862,
139.890562588,606338,
139.940758215,609802,
139.990965589,205506,
140.041140133,638204,
140.091326285,590323,
140.141538766,662376,
140.191746912,650267,
140.241943412,657215,
140.292142348,632074,
140.342342685,671707,
140.392557866,605207,
140.442749984,647054,
140.492949614,644922,
140.543162064,676479,
140.593376572,598261,
140.643570498,655696,
140.693778642,642772,
140.743952433,613142,
140.794142259,624397,
140.844346443,659651,
140.894550009,657991,
140.944749047,641896,
140.994944088,642738,
141.045146018,659603,
141.0953434,637202,
141.145528225,563979,
141.19570979,639416,
141.245904211,661815,
141.296099572,645063,
141.346296258,656961,
141.396476326,35077,
141.446648075,668373,
141.496846606,658078,
141.547036855,655916,
141.597223773,643541,
141.647416051,676763,
141.697621074,657671,
141.74782516,663748,
141.798024325,636654,
141.848216826,623225,
141.898413562,629058,
141.948606176,613025,
141.998816054,662454,
142.049017839,670306,
142.099218644,641463,
142.149404676,665826,
142.199610705,647669,
142.249811418,679457,
142.300017014,629132,
142.35020864,665283,
142.400401796,644090,
142.450604273,661277,
142.500811111,655958,
142.551021266,672171,
142.601212106,606655,
142.651400269,658136,
142.701592362,610686,
142.751780481,665324,
142.801982307,647441,
142.852179703,672694,
142.902383368,569679,
142.952537575,28188,
143.002683628,641594,
143.052885761,683602,
143.103105416,652248,
143.153308939,662145,
143.203501464,639024,
143.253701799,657288,
143.303913937,682269,
143.354123554,656724,
143.404325374,644583,
143.454519628,629589,
143.504721266,651862,
143.554921194,510327,
143.605081238,269808,
143.655275505,680448,
143.705498992,641857,
143.755690615,667226,
143.805887369,635437,
143.856080796,678608,
143.9062791,643671,
143.95647331,659999,
144.006676788,646291,
144.056871693,651766,
144.107072642,667093,
144.157299528,640014,
144.207491856,649613,
144.257713483,640885,
144.307913155,665715,
144.358105008,643269,
144.408305254,653181,
144.458503521,506599,
144.508670231,147906,
144.558885712,628842,
144.609079188,641763,
144.659270607,657654,
144.709473558,668563,
144.759671754,643505,
144.809863289,657363,
144.86006318,644077,
144.910260677,652974,
144.960432912,392021,
145.010591112,462791,
145.060780562,613961,
145.110975078,610519,
145.161180427,631263,
145.211385948,674250,
145.261583644,650431,
145.311771893,667571,
145.361966928,640859,
145.412173774,673430,
145.462372427,640655,
145.512568649,658059,
145.562767201,649574,
145.612974829,648642,
145.663192125,649410,
145.71338327,658206,
145.763582192,650516,
145.813794687,664342,
145.863993704,658969,
145.914186995,663950,
145.964381587,638153,
146.014576675,490393,
146.064752368,187188,
146.114949975,625340,
146.165135533,633204,
146.215335043,640610,
146.265541665,626185,
146.315732005,651683,
146.365944119,649345,
146.416147437,675762,
146.466358249,654471,
146.516557655,666712,
146.566749734,648048,
146.616945254,660362,
146.667144225,663683,
146.717354258,660330,
146.767545752,600807,
146.817748856,663838,
146.867933807,657679,
146.918138098,659007,
146.968327425,641006,
147.018524087,663507,
147.068709577,650453,
147.118902539,658178,
147.169077532,651639,
147.219264247,664053,
147.269457601,537979,
147.31964629,618994,
147.369841494,642383,
147.42005809,654598,
147.470254852,641292,
147.52044884,561265,
147.57068174,442713,
147.620850033,241224,
147.671042353,629483,
147.721241383,665085,
147.771436263,654413,
147.821651218,664072,
147.871845684,634495,
147.922038572,646373,
147.972241643,657588,
148.022423947,663915,
148.072621383,642625,
148.122811486,667374,
148.173010617,642338,
148.223211745,671022,
148.273413397,652624,
148.323603563,657921,
148.373794331,644712,
148.423982747,659194,
148.47418043,662375,
148.524384511,652151,
148.57458512,634000,
148.624775154,658422,
148.67498004,638432,
148.725195885,628639,
148.775386392,646186,
148.825574561,644346,
148.875761415,663147,
148.925983189,655384,
148.976176737,652807,
149.026368662,663601,
149.076557281,646340,
149.126753504,403605,
149.176913743,259812,
149.227104349,641367,
149.27729304,650645,
149.327478548,656014,
149.377658608,486148,
149.427860451,671484,
149.478053448,640014,
149.52824901,638039,
149.578446149,631400,
149.628632839,649588,
149.678824849,658313,
149.729019273,645731,
149.779218915,641235,
149.829439882,604338,
149.879626286,640149,
149.92980422,637074,
149.979994894,121919,
150.030166125,631244,
150.080350472,644835,
150.130547251,647245,
150.180743511,657854,
150.230927793,671416,
150.281129297,653127,
150.331323145,663537,
150.381517639,609178,
150.431700505,618057,
150.481893696,652605,
150.532083866,657463,
150.582294428,649572,
150.632520646,671044,
150.68271635,290814,
150.732884136,280703,
150.783092464,665091,
150.833292707,664212,
150.88349376,654535,
150.933687908,661379,
150.983880859,656599,
151.03407015,671474,
151.084271931,601735,
151.134461649,616603,
151.184672831,659578,
151.234875796,664130,
151.285075954,611307,
151.335273128,681584,
151.385485353,654221,
151.435678007,646687,
151.485868342,658830,
151.536059955,652609,
151.586268265,649549,
151.636465503,628712,
151.686660798,647148,
151.736848791,655017,
151.787051133,666707,
151.837242709,654958,
151.887428028,657330,
151.937620057,648200,
151.98781173,656009,
152.038010497,673467,
152.088241806,656695,
152.138436993,656450,
152.188625477,653816,
152.238813053,321287,
152.28897625,335787,
152.339173595,679127,
152.38937306,667081,
152.439576267,645313,
152.489770386,669169,
152.539973521,649201,
152.590180307,661622,
152.640388926,663688,
152.690586606,615619,
152.740781741,642915,
152.790989572,668102,
152.841173804,658275,
152.891361335,660258,
152.941557007,639133,
152.991756653,659508,
153.041952225,625517,
153.092150985,659789,
153.142341436,610235,
153.192547297,665019,
153.242754285,650379,
153.292947332,658543,
153.34314913,643196,
153.393351792,657132,
153.443540486,651848,
153.493735823,648877,
153.543925549,659124,
153.594123242,573966,
153.644313877,653752,
153.69451045,658784,
153.744703164,640751,
153.794908369,278043,
153.845082861,417053,
153.895286673,654862,
153.945482363,654465,
153.995677486,632658,
154.045863556,626138,
154.096051895,650309,
154.146253309,645093,
154.196449151,661182,
154.246683657,667182,
154.296882556,653452,
154.347082462,645792,
154.397274643,651934,
154.44747325,632894,
154.497671847,664032,
154.547864421,621830,
154.59805897,642293,
154.64825812,631282,
154.698454002,654780,
154.748649685,654461,
154.798845859,646156,
154.849056476,662158,
154.899272493,634903,
154.94947079,640117,
154.999669512,648519,
155.049884668,666486,
155.100086034,655741,
155.150279955,664873,
155.200468688,648171,
155.250675504,657052,
155.30087449,675266,
155.35108095,229811,
155.401240389,467459,
155.451434801,658338,
155.501632493,621885,
155.551835188,666332,
155.602032447,625869,
155.652232369,650418,
155.702440054,667158,
155.752649907,657286,
155.802852308,659411,
155.853055098,655968,
155.903259902,650034,
155.95348838,664128,
156.003685848,651954,
156.053888767,657901,
156.104243752,595825,
156.154433666,673287,
156.204633854,645626,
156.254836137,647573,
156.305030846,652209,
156.355231355,667212,
156.405427,608507,
156.455625358,651336,
156.505825181,647348,
156.556022561,675184,
156.606240499,641078,
156.656443288,665138,
156.706633151,644523,
156.756947366,659341,
156.807147145,654443,
156.857359896,660897,
156.907552002,160336,
156.957712261,524975,
157.007916157,661571,
157.058107053,682180,
157.108301726,654693,
157.158500403,661520,
157.208697307,663365,
157.258918458,631840,
157.309081274,660151,
157.35926618,645929,
157.409458127,659852,
157.459659218,663126,
157.509865734,659387,
157.560059191,682450,
157.610255935,655553,
157.66044683,664223,
157.710643666,637833,
157.760853291,645917,
157.811066601,658553,
157.861265833,663678,
157.911456768,654189,
157.961653995,637352,
158.011859012,663754,
158.062089283,665408,
158.112294646,654069,
158.162489288,656221,
158.212692749,653660,
158.262900521,659753,
158.31308222,643552,
158.363268518,667643,
158.413462542,652759,
158.463654482,125514,
158.513813463,526749,
158.563997681,677139,
158.614194261,638015,
158.664391653,672612,
158.714607692,665005,
158.764815928,650041,
158.815013091,644220,
158.865205199,652500,
158.915407027,635944,
158.965625963,673728,
159.015822147,655914,
159.06601895,627540,
159.11621731,660871,
159.166415991,666610,
159.216625642,657700,
159.266822198,669531,
159.31702275,647080,
159.367219923,667876,
159.417423553,667645,
159.467631186,664940,
159.517830505,648349,
159.56802083,663710,
159.618243809,650620,
159.668471747,673566,
159.718676355,656376,
159.768871443,666200,
159.81906888,666449,
159.869263238,641738,
159.919458488,655978,
159.96966232,671922,
160.019853836,73180,
160.070012112,535029,
160.120208791,669282,
160.170413927,678815,
160.220620692,659525,
160.270823876,671660,
160.32102075,655943,
160.371222461,672566,
160.42142844,633248,
160.471633014,665492,
160.521833085,668864,
160.572029948,662049,
160.622222783,604669,
160.672428551,646563,
160.722631836,666487,
160.772823527,657791,
160.82302829,672002,
160.873222541,668296,
160.923424261,662408,
160.973631537,681631,
161.023833323,645435,
161.074031147,652610,
161.124224037,645311,
161.174424487,685507,
161.224652417,674539,
161.274861583,646349,
161.325058593,665388,
161.375255789,674770,
161.425455957,650327,
161.475656383,670953,
161.525847659,676977,
161.576074067,55304,
161.626230025,543262,
161.676430211,678195,
161.726631057,632783,
161.776826062,633356,
161.827034173,655091,
161.87722842,683715,
161.927449131,658078,
161.977649182,654365,
162.027842778,638117,
162.078040912,676121,
162.128237624,653936,
162.17843623,674679,
162.228634966,655958,
162.278846039,603833,
162.329042635,655517,
162.379242367,677583,
162.429440396,668679,
162.479639215,672279,
162.529857077,672992,
162.580057257,675972,
162.630260192,656969,
162.680458924,670956,
162.730658111,656415,
162.78085937,674096,
162.831066081,663247,
162.881263514,668883,
162.931455825,657501,
162.981654016,673890,
163.031851574,677051,
163.082057123,638337,
163.132259832,53518,
163.182416979,591136,
163.23262038,675630,
163.282833042,658556,
163.333034737,690656,
163.383236613,662199,
163.433443654,676881,
163.483637025,657591,
163.533839528,667657,
163.584035073,656484,
163.634244631,684613,
163.684473236,665148,
163.734676354,673416,
163.784874454,659667,
163.835084062,663154,
163.885284974,667182,
163.93548188,657005,
163.985685772,626707,
164.035894342,650058,
164.086097176,668879,
164.136315623,668520,
164.186513596,648649,
164.236711673,671902,
164.286916441,651112,
164.337082673,676561,
164.387282354,671990,
164.437482149,675957,
164.487714808,662571,
164.537918203,662938,
164.588111976,646175,
164.638315892,660339,
164.688500764,36866,
164.738654417,707437,
164.788876027,657198,
164.839078483,677140,
164.889270798,642023,
164.939464987,649660,
164.989658461,183886,
165.039849053,626934,
165.090058983,611603,
165.140242312,658827,
165.190451896,663927,
165.240662032,682712,
165.290863159,674217,
165.341073072,670428,
165.391265763,657954,
165.441479784,665044,
165.491664741,656861,
165.541872449,678032,
165.592071821,567619,
165.642261779,679165,
165.692463462,666081,
165.742670097,685948,
165.792894952,666374,
165.843098361,669323,
165.893292955,660468,
165.943490122,664582,
165.993700049,660673,
166.043913814,681147,
166.094115656,623819,
166.144308359,629120,
166.194504811,579792,
166.244665609,82541,
166.294846176,666209,
166.345050162,664926,
166.395257587,669844,
166.445466187,685335,
166.495658424,674564,
166.5458619,664153,
166.596054191,649198,
166.646260613,667917,
166.696461506,668945,
166.746657157,680349,
166.79687359,654607,
166.847075247,671968,
166.89727278,660167,
166.947478718,669965,
166.997710694,677510,
167.047923148,678936,
167.098126356,661762,
167.148321061,673383,
167.198521295,666379,
167.248720378,665147,
167.298927319,677552,
167.349085522,679333,
167.399285725,664015,
167.449496294,674730,
167.4997015,682113,
167.549915824,674552,
167.600114565,649856,
167.650309274,681653,
167.700507417,662139,
167.750705714,566842,
167.80085826,85453,
167.851053908,665603,
167.901246873,668329,
167.951454325,673985,
168.001661668,656709,
168.051875109,678703,
168.1021047,656851,
168.152304906,667441,
168.202500985,657733,
168.25271163,671891,
168.302927407,671125,
168.353132921,648159,
168.403319623,633745,
168.453521289,648858,
168.503729135,669011,
168.553939495,673808,
168.604132869,637103,
168.6543307,674249,
168.704535677,656822,
168.754746581,687990,
168.804949001,664223,
168.855150787,670411,
168.905340625,653246,
168.955538855,666934,
169.005744226,672737,
169.055956054,678010,
169.106176608,657849,
169.156367324,665568,
169.206561503,658476,
169.256769216,669805,
169.306964132,510216,
169.357078654,185695,
169.407255499,658348,
169.457439611,650533,
169.507629176,637286,
169.55783945,670518,
169.608023144,655203,
169.658207809,685745,
169.708387603,658950,
169.758595534,681183,
169.808804491,675881,
169.85899633,686355,
169.90919201,644922,
169.959368322,353306,
170.009516014,446283,
170.059703166,649257,
170.109884185,664505,
170.160069105,671449,
170.210268551,674754,
170.260465239,681487,
170.310653307,682231,
170.3608585,681278,
170.411044075,612453,
170.461223717,685245,
170.51140824,660918,
170.561615924,685926,
170.611809907,653991,
170.661996997,675695,
170.712176975,672383,
170.762363203,677541,
170.812546217,672728,
170.862737979,475268,
170.912885855,207038,
170.963076227,672229,
171.013256904,661652,
171.063434375,668725,
171.113622921,623670,
171.163808662,675026,
171.213994342,672673,
171.264170362,679728,
171.314348085,667126,
171.364534793,680207,
171.414722044,665133,
171.464912026,682202,
171.515101081,680614,
171.565319911,685635,
171.615499063,636439,
171.665676116,684290,
171.715855861,643772,
171.766049055,656210,
171.816237566,665834,
171.866422366,649600,
171.916607477,668531,
171.966800513,680553,
172.016993434,677779,
172.067186353,672503,
172.117387597,681657,
172.167570579,656262,
172.217750511,683363,
172.267924767,650127,
172.318105562,682163,
172.368299307,666846,
172.418475783,463453,
172.468623484,199579,
172.518798147,661778,
172.568972594,653531,
172.619160647,667313,
172.6693602,671988,
172.719539081,676920,
172.76972092,658043,
172.819895356,625336,
172.870071107,635037,
172.920245943,668700,
172.970426746,657328,
173.020600642,672190,
173.070781278,651668,
173.120962506,670614,
173.171160613,671906,
173.221330933,663479,
173.271509724,658429,
173.321692852,676293,
173.371878231,657711,
173.422091805,675192,
173.47229605,662145,
173.522496092,676983,
173.57270372,669920,
173.622903746,665735,
173.67308528,669074,
173.723286493,654112,
173.77350889,663719,
173.823709912,667212,
173.873906896,672204,
173.924101076,619251,
173.974290164,393909,
174.024469831,281814,
174.074670154,663696,
174.124865491,680368,
174.175066365,667077,
174.225260357,681690,
174.275456404,667250,
174.325660525,679664,
174.375851293,682878,
174.426057887,681632,
174.476258224,670179,
174.52645059,191689,
174.576595611,15126,
174.626700368,16242,
174.676810668,23766,
174.726927266,24937,
174.777040368,25874,
174.827168858,171294,
174.877324903,27582,
174.927461085,13530,
174.977577518,23998,
175.02771219,33782,
175.077844143,37471,
175.127962797,31454,
175.178080807,26798,
175.228210495,26529,
175.278348822,24368,
175.328471071,22010,
175.37858617,23402,
175.428696949,22684,
175.478820436,20568,
175.52894982,21275,
175.579076573,28417,
175.629217043,654709,
175.679408164,673913,
175.729602138,671502,
175.779799155,655614,
175.829990023,670018,
175.880184206,656413,
175.930373242,692276,
175.980591062,659066,
176.030785955,649741,
176.080976302,584632,
176.131173849,652622,
176.181375522,658594,
176.231565437,675960,
176.281767562,661432,
176.331982756,680169,
176.382192932,660309,
176.432392096,672386,
176.482598901,661013,
176.532799998,667774,
176.582999015,658034,
176.633192746,677263,
176.683387562,670631,
176.733593404,676023,
176.783791145,667702,
176.833992862,658461,
176.884189731,652810,
176.934399897,668146,
176.984622116,667888,
177.034824376,556358,
177.085005722,335439,
177.135164901,268569,
177.185356122,613792,
177.235550323,680487,
177.285753404,572479,
177.335950143,680918,
177.386153625,662811,
177.436357566,682800,
177.486561636,669876,
177.536766797,670367,
177.586970533,667190,
177.637167233,657023,
177.687365124,659260,
177.737565036,681835,
177.787760152,667964,
177.837956505,682479,
177.888146867,661287,
177.938346845,675413,
177.988547333,651689,
178.038753234,647626,
178.088961462,664019,
178.139166102,677688,
178.189368797,664353,
178.239561171,659820,
178.289760135,650093,
178.339958966,684371,
178.390149264,677660,
178.440382347,682084,
178.490578868,663792,
178.54076809,678797,
178.590965249,644387,
178.641151255,318434,
178.691315756,364989,
178.741512874,669669,
178.791722352,657891,
178.841914055,676012,
178.892092873,661609,
178.942288694,678355,
178.992491781,655910,
179.042695499,681492,
179.092895953,669428,
179.143089781,679191,
179.193288288,667583,
179.243476112,679710,
179.29366905,654991,
179.343858412,633798,
179.394050103,637442,
179.444240552,673483,
179.494438172,658729,
179.544630518,673488,
179.594827827,651874,
179.64502017,687875,
179.695218664,660810,
179.745417971,675231,
179.795611527,651271,
179.845803858,672636,
179.895994861,647774,
179.946190563,671864,
179.996392854,673365,
180.046592982,656122,
180.096787184,659543,
180.146978021,674111,
180.197166073,253532,
180.247332249,439760,
180.297533049,676384,
180.347730123,682934,
180.397933431,612358,
180.448120791,644184,
180.498319505,639090,
180.548504028,649376,
180.59870563,656777,
180.648907562,674413,
180.699111432,657636,
180.749309609,689027,
180.799518792,663866,
180.849713724,675136,
180.899908593,661910,
180.950097931,677321,
181.000289835,658367,
181.050491712,680609,
181.100697301,674637,
181.15089301,677892,
181.201078779,659388,
181.251264934,672934,
181.301466289,655792,
181.351661235,671162,
181.401858453,657651,
181.452060062,683316,
181.502270668,645944,
181.552460685,655538,
181.602660916,622940,
181.652853043,648940,
181.703051399,653530,
181.75324561,199348,
181.803402112,486849,
181.853600898,661434,
181.903815252,686341,
181.954035346,676309,
182.004241713,687962,
182.054450079,675416,
182.10464414,657128,
182.154838486,673455,
182.205041614,663295,
182.25523804,681060,
182.305426163,679417,
182.355618612,681042,
182.405816202,672215,
182.456009819,664884,
182.506201883,659293,
182.556397719,671438,
182.606597265,655326,
182.656802811,666790,
182.706983948,628910,
182.757174365,652578,
182.807362225,670647,
182.857544508,681371,
182.907738041,666539,
182.957931229,678204,
183.008134073,677956,
183.058334811,657464,
183.108529411,667793,
183.158736129,654929,
183.208931724,680296,
183.259134202,672313,
183.309329889,142656,
183.359486921,538530,
183.409685922,677527,
183.459889769,653305,
183.510081515,676866,
183.560273539,667551,
183.610471472,673286,
183.660671646,662243,
183.710872152,677407,
183.761077381,669366,
183.811268949,669145,
183.861462753,646821,
183.91165257,691808,
183.961855788,662197,
184.012043896,673995,
184.0622424,648313,
184.112436853,672477,
184.162648703,654175,
184.212843628,684096,
184.263049736,676161,
184.313246693,680260,
184.363442216,663414,
184.413654535,675035,
184.463848782,660531,
184.514038354,672453,
184.564235562,666613,
184.61443227,679889,
184.664631302,665066,
184.714822768,679972,
184.765019841,653858,
184.815211247,680008,
184.865402383,97423,
184.915540778,517301,
184.965710054,384174,
185.015866799,407862,
185.066047953,627584,
185.116233803,680756,
185.166429989,659639,
185.216617337,674926,
185.266816473,679143,
185.31702532,682120,
185.367222494,664712,
185.417417052,675588,
185.467614562,660266,
185.517807303,666287,
185.568002466,658247,
185.618205218,677287,
185.668409219,665034,
185.718605513,673566,
185.768800907,661207,
185.818996278,672072,
185.869186136,660700,
185.919383272,686204,
185.969604432,668413,
186.019796412,657285,
186.069987485,658971,
186.120174383,646950,
186.170372165,661165,
186.220589582,679142,
186.270796775,658900,
186.320991497,671431,
186.371192,658075,
186.421375537,50608,
186.47151763,650254,
186.521707522,683452,
186.571899851,669431,
186.622099915,668270,
186.672292798,661392,
186.722493974,675527,
186.772691865,665418,
186.822883809,688423,
186.873080789,661257,
186.923267796,674358,
186.973466127,661031,
187.023657131,670740,
187.073864744,654676,
187.124069069,685987,
187.174282932,663176,
187.224474554,678101,
187.274670892,663716,
187.324858473,672617,
187.375060513,664466,
187.425255623,680482,
187.475452961,659987,
187.525645841,667377,
187.575839142,662330,
187.626029189,662940,
187.676230552,666838,
187.726415818,689355,
187.776624589,668556,
187.826819401,670128,
187.877017591,660796,
187.927209711,623142,
187.977383726,55982,
188.027547873,673478,
188.077740101,664152,
188.127918886,668254,
188.178116079,635076,
188.228301332,645361,
188.278480597,641684,
188.328678154,660748,
188.378879914,670397,
188.429079204,657781,
188.479269268,661063,
188.529454444,667698,
188.579649444,656173,
188.629835834,662976,
188.680036324,655520,
188.730229694,674747,
188.780438487,677712,
188.830680861,671523,
188.880925991,652711,
188.931121029,665789,
188.981318839,665193,
189.031533113,653559,
189.081748003,667097,
189.131940389,651681,
189.182143764,663210,
189.232341929,650509,
189.282544138,655037,
189.332723938,666961,
189.382932919,666642,
189.433135465,664444,
189.483324713,584904,
189.533486969,102130,
189.583660815,662946,
189.633853847,669099,
189.68409821,678413,
189.734290531,665044,
189.784491129,671226,
189.834686274,663557,
189.884888469,656879,
189.935094168,628835,
189.985274614,243313,
190.035436195,609515,
190.085616007,652826,
190.135806328,658257,
190.185997148,666462,
190.236190481,663661,
190.286404308,670320,
190.336592794,678843,
190.386808966,642849,
190.436985832,636080,
190.48719179,665647,
190.537385859,664938,
190.587569341,676172,
190.637767787,666724,
190.687960105,666250,
190.738157551,670847,
190.788359392,663376,
190.838560744,654621,
190.888763736,674471,
190.93897772,667845,
190.989171322,662507,
191.039356727,536032,
191.089524432,121840,
191.139702648,631526,
191.189891781,674036,
191.240079569,668369,
191.29027296,669430,
191.340469355,666164,
191.390667212,670763,
191.440855732,676994,
191.49105948,670124,
191.541251291,654829,
191.591440281,647756,
191.6416238,664025,
191.691827797,683296,
191.742042246,670730,
191.792243558,673151,
191.842454333,658209,
191.892632879,674636,
191.942827314,656385,
191.993031129,673930,
192.04324906,680983,
192.093449422,664126,
192.14363877,663681,
192.193818971,663972,
192.244014965,659999,
192.294228505,575076,
192.344427049,665532,
192.394619315,659329,
192.444816191,668430,
192.495021114,664089,
192.545217651,686315,
192.595406532,473528,
192.645564614,223582,
192.695743499,656543,
192.745944767,681197,
192.79614716,660300,
192.846361308,679243,
192.89656631,670562,
192.946770538,674423,
192.996977172,672944,
193.047179048,679246,
193.097375914,656182,
193.147568839,674387,
193.19778047,676839,
193.247979143,679333,
193.298177103,657694,
193.348373895,676169,
193.398572212,659262,
193.448772655,674438,
193.498978845,671211,
193.549174785,681905,
193.599378668,587570,
193.649577331,672692,
193.699773059,657712,
193.750006467,691308,
193.800214978,660751,
193.85041694,670417,
193.900615682,657690,
193.950814317,673380,
194.00102045,662469,
194.051230013,684888,
194.101440402,671668,
194.151636348,439315,
194.201791964,250050,
194.251981159,667476,
194.302187786,664201,
194.352397433,685140,
194.402597216,682403,
194.452814968,683576,
194.503032991,671838,
194.553231164,677033,
194.603426441,652544,
194.653623647,683003,
194.703826706,664319,
194.754025463,684393,
194.804210688,677271,
194.854416143,677964,
194.904610389,646730,
194.954804103,682815,
195.0050005,660875,
195.055206988,675122,
195.105400949,669576,
195.155605685,679827,
195.205802166,660667,
195.255998503,676845,
195.306197553,666043,
195.356402182,676670,
195.406602032,672402,
195.45679926,693853,
195.507010995,675162,
195.557204531,676060,
195.607406212,647361,
195.657601267,674122,
195.707791255,379981,
195.757950488,304921,
195.808167994,652157,
195.858366637,624284,
195.908548938,671972,
195.958746659,690153,
196.008962926,662612,
196.059165685,672397,
196.109367479,660187,
196.159555751,669988,
196.209760546,677721,
196.259967041,684894,
196.310158009,677849,
196.360372671,682349,
196.410578376,668634,
196.460772562,678971,
196.510979166,662567,
196.561192422,674146,
196.611400063,673825,
196.661650098,685987,
196.711849926,665112,
196.762050577,680044,
196.81224635,661341,
196.862451239,660354,
196.912656275,667320,
196.962860402,691410,
197.013060718,456307,
197.063248361,679267,
197.113449299,653568,
197.163645213,676320,
197.213845193,658539,
197.264034051,334177,
197.314195149,370065,
197.364416235,678017,
197.414619428,662510,
197.464819237,682865,
197.515014041,658215,
197.565202975,680703,
197.615409197,647162,
197.665608581,696243,
197.715821758,666560,
197.766020939,683365,
197.816225908,611865,
197.866427143,678661,
197.916627281,669052,
197.966822757,683870,
198.017011766,676762,
198.067213575,678488,
198.117428218,658662,
198.167621772,673068,
198.217818982,658541,
198.268020775,680724,
198.318225682,665550,
198.36844552,686984,
198.418646445,673804,
198.468861255,680245,
198.519059761,658078,
198.56925145,675480,
198.619447104,644569,
198.669654727,682168,
198.719858192,671527,
198.770066086,673487,
198.820261903,258168,
198.870414555,411653,
198.92060665,648673,
198.970806909,677585,
199.021013708,658274,
199.071199525,688663,
199.121409209,656707,
199.171604032,675915,
199.221801014,656569,
199.272004529,662301,
199.322207896,659340,
199.372408438,685221,
199.422613308,660918,
199.472809777,668347,
199.523011577,640016,
199.573205152,668630,
199.623413255,646803,
199.673613426,690379,
199.723832941,663275,
199.774032868,675203,
199.824233054,661192,
199.874428207,675209,
199.924624769,617939,
199.974837405,678865,
