0.050075151,98898,
0.100284956,87507,
0.150408385,85998,
0.200571766,82625,
0.250736263,82072,
0.300903711,84991,
0.351066558,88148,
0.401257797,89540,
0.451425335,108500,
0.501535502,118004,
0.551688578,119517,
0.601807762,119959,
0.651985261,116455,
0.70214324,116286,
0.752314623,118493,
0.802428551,115034,
0.852587325,118889,
0.902744772,110154,
0.952907616,85892,
1.003065314,95536,
1.053284525,110603,
1.103450664,94602,
1.153611297,71793,
1.203786297,80403,
1.253956635,124737,
1.304113846,107640,
1.354289979,91357,
1.404455961,131811,
1.454565195,108357,
1.504729968,107848,
1.554893481,120164,
1.605053648,119378,
1.655210375,118848,
1.70532664,113421,
1.755482972,114314,
1.805596613,112305,
1.855755993,111418,
1.905921358,104787,
1.956082527,112139,
2.006242998,114539,
2.056406694,115974,
2.106565957,116078,
2.156726225,112873,
2.206890608,109364,
2.257047044,113004,
2.307200001,111629,
2.357361752,112196,
2.407521686,110874,
2.457693943,114679,
2.507855123,109500,
2.557986403,115065,
2.608153516,115377,
2.658313279,114132,
2.708511672,113988,
2.758680771,112219,
2.808848077,113111,
2.859013778,109329,
2.909179891,109752,
2.95936989,110235,
3.00955856,114063,
3.059722843,111041,
3.109842305,114765,
3.160004321,97432,
3.210124352,116424,
3.260285925,116835,
3.310406784,117669,
3.360575528,116409,
3.410733787,115142,
3.46094339,117291,
3.511107542,116518,
3.561269966,113280,
3.611431767,113818,
3.661549849,113346,
3.711709591,116349,
3.761847055,117953,
3.812016465,116327,
3.862156919,113390,
3.912321983,114841,
3.962443435,113822,
4.012628178,114501,
4.062803142,115751,
4.112986067,117727,
4.163161279,114370,
4.213284806,101573,
4.263459658,100274,
4.313579286,90353,
4.363747056,93331,
4.413875972,98816,
4.464002537,93475,
4.514131433,126711,
4.564255005,100918,
4.614379711,90174,
4.66450826,92128,
4.714627874,88924,
4.764758253,89737,
4.81488322,90698,
4.865005689,128123,
4.915128899,122510,
4.965229661,110617,
5.015382824,104806,
5.065507545,109067,
5.115616786,101286,
5.165729812,109345,
5.215839699,112083,
5.265955233,108805,
5.316065177,106147,
5.366180149,110157,
5.416306405,106249,
5.466423747,106060,
5.516537859,101960,
5.566648939,112774,
5.616763323,102510,
5.666879051,111505,
5.717000024,110845,
5.767110778,139251,
5.817244733,112894,
5.86735788,106416,
5.917467605,103416,
5.967580054,111812,
6.017725425,109332,
6.067831803,107352,
6.117957351,104708,
6.168077401,110924,
6.218193841,108786,
6.268299429,96752,
6.318404747,109297,
6.368511077,107710,
6.418629086,113435,
6.468739689,106309,
6.51884503,106393,
6.568946469,110190,
6.619064306,99918,
6.669174211,89709,
6.71930893,90999,
6.769414172,119250,
6.819528298,113269,
6.869631077,106769,
6.919739409,111686,
6.9698488,110026,
7.019953799,106283,
7.070066849,112147,
7.120171413,115912,
7.170281183,111962,
7.220386114,114638,
7.270498417,112755,
7.320615891,110877,
7.370722385,112454,
7.420850022,113092,
7.470957473,109650,
7.521065543,104893,
7.571175329,105182,
7.621286803,109705,
7.671389181,106797,
7.721492992,105983,
7.771595516,109603,
7.821698604,108711,
7.871817965,108499,
7.921935393,110237,
7.972052155,112258,
8.022175114,111305,
8.072282711,115888,
8.122390979,112067,
8.172518364,109954,
8.222619054,116365,
8.272728456,110260,
8.322831567,113922,
8.372947633,117763,
8.42305112,113823,
8.473169382,113076,
8.52327989,115058,
8.573389189,109824,
8.623494706,113175,
8.673618066,111976,
8.723720554,110688,
8.773825758,111331,
8.823923512,109805,
8.874031624,111388,
8.924137222,111896,
8.974248559,114701,
9.024373761,112399,
9.0744889,114168,
9.124588667,114615,
9.174684259,109667,
9.224780079,112804,
9.274883986,111940,
9.324996306,112425,
9.37510352,113513,
9.425221502,111869,
9.475340452,107297,
9.52545136,113749,
9.57557797,116223,
9.625688813,115558,
9.675822251,115585,
9.725927961,116862,
9.776033402,117960,
9.826135444,113600,
9.876238204,115916,
9.926346489,114897,
9.976452947,116040,
10.02655875,115523,
10.076665876,116542,
10.126768693,119464,
10.176884679,111309,
10.226992364,110073,
10.277100681,117345,
10.327207716,123417,
10.377329211,103167,
10.427432158,105696,
10.477546211,99223,
10.527656086,98190,
10.577760809,105276,
10.627885847,109043,
10.678009423,99994,
10.72813936,117237,
10.778257551,118883,
10.828363751,110883,
10.878471838,105723,
10.928590185,109605,
10.97869335,108327,
11.028792289,119292,
11.078903309,113487,
11.129014278,111697,
11.179125145,109911,
11.229216758,111237,
11.279324447,113320,
11.32943152,111578,
11.379537477,119672,
11.429648477,110861,
11.479753004,108848,
11.529866011,119219,
11.579975258,167964,
11.63009016,167233,
11.680221822,162627,
11.730326961,158149,
11.780431344,95040,
11.830533977,157772,
11.880644163,125206,
11.930751624,110915,
11.980857709,93287,
12.030971698,91094,
12.081075623,88883,
12.131191818,89065,
12.181297863,89243,
12.231401859,88759,
12.281510353,90034,
12.331613702,88472,
12.381729371,93348,
12.431839486,96403,
12.481950313,104632,
12.532056572,104011,
12.582159488,102293,
12.632272686,113628,
12.682377486,113949,
12.732482541,480576,
12.782581532,103397,
12.832698241,120332,
12.882823148,113042,
12.932928651,295340,
12.983039875,152518,
13.033148491,105151,
13.083254982,114153,
13.133354911,115988,
13.183461951,114746,
13.233579288,111618,
13.283687112,108460,
13.333788767,98708,
13.383890803,99582,
13.434000422,116970,
13.484120496,117718,
13.534230281,111391,
13.584338413,110974,
13.634467949,113580,
13.684577763,113204,
13.734706948,96705,
13.784805296,91902,
13.834906997,105510,
13.885019111,100857,
13.935120847,94785,
13.985228725,101426,
14.035342556,109387,
14.085448839,108232,
14.135555413,112256,
14.185660441,110318,
14.235772735,109638,
14.285878862,91277,
14.335985724,182645,
14.386101003,110468,
14.436211076,109554,
14.486311728,113415,
14.536416407,109536,
14.586518449,120779,
14.63664821,119532,
14.686754562,116344,
14.736864121,110269,
14.786967995,110997,
14.837084845,109620,
14.88718733,111041,
14.937294662,111912,
14.987401366,114591,
15.037508794,121593,
15.087616731,116764,
15.137721019,116010,
15.187825109,109389,
15.237930902,100902,
15.288046936,116492,
15.338154473,113795,
15.388270983,104296,
15.438402589,109879,
15.48850784,108310,
15.538618163,109248,
15.588733911,108843,
15.63885129,109959,
15.688952654,112553,
15.739057738,109896,
15.789173862,110128,
15.839287492,110398,
15.889389568,109531,
15.93951892,105442,
15.989627177,105734,
16.039730889,110277,
16.089833058,107542,
16.139952996,108760,
16.190059976,106840,
16.240164103,106683,
16.290271291,111230,
16.340376971,111393,
16.390483202,107938,
16.440598884,107577,
16.490699646,109866,
16.540808792,105923,
16.590922793,106555,
16.641028737,109900,
16.691131355,108665,
16.741238074,111838,
16.791345973,107997,
16.841450628,110572,
16.891570507,111855,
16.941672953,109711,
16.991806154,115074,
17.041910417,111428,
17.092020569,117044,
17.142129876,114013,
17.192238942,118345,
17.242344043,114006,
17.292448805,116570,
17.342554973,116050,
17.392677565,109763,
17.442788982,110548,
17.492889534,112691,
17.542998064,114934,
17.593104884,111938,
17.643222594,112511,
17.69333651,106135,
17.74345083,97823,
17.793554702,92263,
17.843660348,90507,
17.893769331,85842,
17.94387465,85434,
17.993979258,84599,
18.044090751,84732,
18.094197548,84568,
18.144315238,89225,
18.194420486,138445,
18.244532371,106533,
18.29464461,93342,
18.344755619,91933,
18.394860443,87616,
18.444965166,94222,
18.495077714,95145,
18.545186404,108971,
18.59530029,139210,
18.645404253,89171,
18.695512967,93110,
18.745621248,87360,
18.795721741,87006,
18.845835812,91096,
18.895959345,87388,
18.946068263,91549,
18.996180252,86971,
19.046286846,84948,
19.096396828,87215,
19.146506895,87797,
19.19662189,88239,
19.246728209,90236,
19.29683552,86590,
19.346960924,88753,
19.397069036,86938,
19.447198679,89964,
19.497319233,87762,
19.547428208,87193,
19.59753909,84995,
19.647644182,82881,
19.697752174,83477,
19.747865507,87174,
19.797974929,85215,
19.848081748,89617,
19.898192221,88501,
19.948299847,86365,
19.998412869,89647,
20.048519827,88562,
20.098631708,91710,
20.148743521,94279,
20.198847915,105690,
20.248973606,90908,
20.299101309,94604,
20.349224789,109689,
20.399343625,67561,
20.449469088,77760,
20.499590533,84965,
20.549697772,79179,
20.599813493,70827,
20.64992134,93616,
20.700035122,97009,
20.750142671,98874,
20.800249883,108893,
20.850358063,114354,
20.90046982,112613,
20.950579213,108609,
21.000692556,112446,
21.050813939,102265,
21.100921912,98464,
21.151034261,100988,
21.201169872,102248,
21.251285153,98537,
21.30139275,97398,
21.351496669,97583,
21.401623798,94446,
21.451729654,97583,
21.501846685,96430,
21.551959907,99047,
21.60207104,96769,
21.652175091,95816,
21.702287623,103670,
21.752388875,115600,
21.802526539,152302,
21.852645206,118665,
21.902757081,108885,
21.952866984,109253,
22.002979522,108926,
22.053086956,106066,
22.103194937,108468,
22.153312057,109461,
22.203431643,103865,
22.253537477,105809,
22.303653257,97577,
22.353766367,99649,
22.403879898,102347,
22.453988487,98907,
22.5041038,100609,
22.554209915,101844,
22.604323232,95286,
22.65443202,110582,
22.704543897,97924,
22.754655502,99092,
22.804765896,98709,
22.854875318,112606,
22.904983131,100669,
22.955086049,105154,
23.005194841,100044,
23.055317985,101473,
23.105427576,101167,
23.155538971,100754,
23.205656588,103517,
23.25578623,102248,
23.305902075,103903,
23.356008794,100467,
23.406119027,101981,
23.456225788,114743,
23.506351093,107694,
23.556483054,107947,
23.606588838,105370,
23.656699188,106182,
23.706815746,107911,
23.756925765,107599,
23.807033342,96615,
23.857143383,99149,
23.907280333,107220,
23.957383951,108572,
24.007493562,102611,
24.057614022,102369,
24.107729864,101952,
24.157835618,100928,
24.207947287,98260,
24.258063341,97451,
24.308170854,97537,
24.358277523,105554,
24.408389976,99626,
24.458507491,97865,
24.508618622,105738,
24.558726317,104316,
24.608839243,110117,
24.658963992,98168,
24.709075618,120487,
24.759230645,108380,
24.809339645,110843,
24.859450149,111823,
24.909562441,113507,
24.959659403,110700,
25.009767436,110042,
25.059874835,110125,
25.11000406,111257,
25.160119708,111531,
25.210224436,111809,
25.260329157,112990,
25.310432011,110819,
25.360548064,110539,
25.410655707,110983,
25.460769004,112166,
25.510877975,112939,
25.560989317,115569,
25.611101046,172716,
25.661214589,159737,
25.711324634,165395,
25.761436967,163092,
25.811540742,163015,
25.861649434,168246,
25.911769193,121936,
25.96187298,108504,
26.011976341,99280,
26.062084809,80169,
26.112187156,58769,
26.162294855,109112,
26.212401439,108366,
26.262505996,110124,
26.312613,111733,
26.362726171,107457,
26.412848465,106670,
26.462958574,94786,
26.51306248,99126,
26.563168674,103104,
26.613272533,107264,
26.663379977,97180,
26.71349448,90244,
26.763616922,96584,
26.813721772,95260,
26.863822073,94062,
26.9139372,90476,
26.964047732,92828,
27.014149171,87274,
27.064278743,89252,
27.114385277,88072,
27.164505262,86469,
27.214610102,87981,
27.264713519,85988,
27.314815686,84819,
27.364926488,82574,
27.415031578,90807,
27.465148568,93791,
27.515251263,93999,
27.565361288,93324,
27.615461445,94321,
27.665573085,93505,
27.715675426,96550,
27.765782683,99270,
27.815890697,94487,
27.86599803,95983,
27.916097438,95122,
27.966203602,94212,
28.016306773,95343,
28.066415411,93435,
28.116516481,95943,
28.166625983,94773,
28.216729754,94685,
28.266833195,95900,
28.316941976,95688,
28.367050221,96475,
28.417158291,87724,
28.467275931,79371,
28.517380819,78110,
28.567489674,79363,
28.617592587,80524,
28.667702324,78943,
28.717806005,74782,
28.767913299,83224,
28.818023536,83122,
28.868128484,233818,
28.918235184,853423,
28.968338271,92086,
29.018443016,129849,
29.068557633,123040,
29.118659362,100671,
29.168763731,98227,
29.218871715,90804,
29.268977822,141334,
29.319073968,76142,
29.369179984,58233,
29.4192987,321591,
29.46940704,517142,
29.51950763,541448,
29.569617196,668346,
29.619727778,72516,
29.669832049,55132,
29.719939624,158654,
29.770047249,241229,
29.820156969,370035,
29.870261902,296081,
29.920360662,143451,
29.970541677,156073,
30.020755821,135536,
30.070940334,407691,
30.121095144,75688,
30.171317363,83211,
30.221481534,108040,
30.271703482,125391,
30.321865698,86594,
30.372077469,182139,
30.422241331,136810,
30.472405742,1171859,
30.522545231,146841,
30.572688734,70913,
30.622826833,31280,
30.67297862,72122,
30.723115151,89780,
30.773258964,115685,
30.823399808,177248,
30.873535475,200651,
30.923668981,69524,
30.973805309,1862408,
31.023944625,477599,
31.0740975,84167,
31.124232769,80455,
31.174371226,89438,
31.224510849,80001,
31.274651455,112518,
31.32478708,326066,
31.374945049,1670418,
31.425100154,1623583,
31.475254263,187953,
31.525397793,119269,
31.575549124,113428,
31.625691563,117350,
31.675826077,89669,
31.725965888,369610,
31.776121822,543442,
31.826384913,2872869,
31.876653326,5435888,
31.926905043,5964976,
31.977142784,5648124,
32.027395467,5475784,
32.077626068,5267070,
32.127855509,5452318,
32.178119557,5581672,
32.228368277,5809839,
32.278602889,5592353,
32.328828087,5613977,
32.379057944,2991963,
32.42927704,70736,
32.479486656,5379913,
32.529783543,5532855,
32.580017609,5621821,
32.63024079,3800251,
32.680503258,143412,
32.730731635,5096880,
32.78096712,5298031,
32.831206473,4860941,
32.88143838,4142176,
32.931672596,4788742,
32.98189685,4692729,
33.032114838,4898593,
33.082338638,4750194,
33.132556565,4646259,
33.182780603,4452430,
33.232999768,4681503,
33.283217603,4727562,
33.333431597,4718306,
33.383646522,4730734,
33.433869272,4781612,
33.484090543,4773163,
33.534318758,4152802,
33.584529471,3155999,
33.634740075,4931620,
33.685006744,5165388,
33.735233972,4756447,
33.78548645,4824266,
33.835697428,4882315,
33.885916556,4699081,
33.936135082,4622896,
33.986351359,46368,
34.036541166,2906431,
34.086768705,4880753,
34.136982729,5064338,
34.187255419,4839417,
34.237466055,132474,
34.28764882,4139933,
34.337846303,4829169,
34.388060289,4936106,
34.438270182,5295433,
34.488511882,4878232,
34.538709985,5011458,
34.588922417,4962475,
34.639136826,4927143,
34.689347982,4836083,
34.739560666,4962417,
34.789768309,5062792,
34.839970334,5076613,
34.890780468,4461526,
34.94097639,5581657,
34.991187304,5099330,
35.041399211,4909990,
35.09160875,4906307,
35.141820344,4838084,
35.192036055,4921725,
35.242256843,5002010,
35.292464925,4764804,
35.342680041,4849558,
35.392885034,4599059,
35.443094149,4798048,
35.493311542,5030693,
35.543516418,1458540,
35.593696933,1584533,
35.643916523,4863566,
35.6941614,4928584,
35.744372482,4335145,
35.794512848,393125,
35.844744911,4180378,
35.89497568,4959140,
35.945194569,4939591,
35.995405711,4906139,
36.045624385,4890254,
36.095830126,4672600,
36.146049515,4764396,
36.196272474,4845282,
36.246482847,4866730,
36.296707585,4806181,
36.346918316,4776181,
36.397147173,4142301,
36.447382182,4875798,
36.497599053,4536631,
36.547803207,4679855,
36.598008729,4844228,
36.648222192,4910819,
36.698442288,4850020,
36.748673546,5065691,
36.798901282,4631758,
36.849125115,4980618,
36.899349299,4926908,
36.949575767,4917162,
36.99979556,4960932,
37.050017376,4866640,
37.10021792,3309469,
37.150396662,104078,
37.200542947,112311,
37.250708233,4192831,
37.300929609,4161401,
37.35111882,892572,
37.40133478,5185996,
37.451566129,4927091,
37.501780482,4973742,
37.55198821,5096820,
37.602199678,4767370,
37.652416091,4659391,
37.702627857,4862112,
37.752847596,4908001,
37.803063254,4937183,
37.853279206,5151076,
37.90351268,5053135,
37.95372679,5027299,
38.003933927,4997234,
38.054148108,4838226,
38.10436705,3885187,
38.154625126,4929873,
38.204835486,5064298,
38.255066974,4938187,
38.305280035,4962320,
38.355509071,4851282,
38.405723712,5042652,
38.455947803,5123732,
38.506169648,5041425,
38.556410294,4902836,
38.606628462,5059683,
38.656847226,4896760,
38.707061525,58640,
38.757210375,84104,
38.807349544,54194,
38.857492034,2403695,
38.907685796,1225960,
38.957896019,4857437,
39.008110354,4989123,
39.058341468,5090327,
39.10855331,4925843,
39.158765157,4945793,
39.208985703,5165186,
39.259200326,4745918,
39.30942408,4668687,
39.35963365,4981715,
39.409854215,4842424,
39.460063976,4882520,
39.510280325,5091450,
39.560527744,5160779,
39.610757863,4604488,
39.660972017,5168165,
39.711202682,4778244,
39.761411637,4849400,
39.81164382,4962080,
39.861850441,4717522,
39.912053883,5251942,
39.962268824,5229988,
40.012470629,4974359,
40.062689058,4933145,
40.112898071,4818004,
40.163113852,5037125,
40.213359652,5002643,
40.263590223,2214858,
40.313791779,760699,
40.364001041,4774010,
40.41421936,3158210,
40.464412883,1721960,
40.514634464,4879763,
40.564844241,4976678,
40.615067601,4975771,
40.6652805,5162528,
40.715507107,4864236,
40.765757795,5189861,
40.815982863,4852523,
40.866204384,4797530,
40.916412951,4870638,
40.966633347,4828834,
41.016842819,4933775,
41.067057241,5323932,
41.117220209,4760212,
41.167428276,3957931,
41.217651203,3724493,
41.267867416,3769801,
41.318088852,4005500,
41.368323164,3801659,
41.418544854,3586271,
41.468776236,3616505,
41.518985811,3802946,
41.569214443,3981036,
41.619421854,3777024,
41.669648194,3773588,
41.71986091,3772576,
41.770073989,4018898,
41.820291476,3837093,
41.870518334,3898881,
41.920731954,3998819,
41.970978959,2146025,
42.021170333,1687860,
42.071370887,3653693,
42.121578255,3719522,
42.171782231,3777450,
42.221989744,3844503,
42.272207655,3882281,
42.32243254,3756258,
42.372632652,3707153,
42.422842437,3716593,
42.473051901,4023997,
42.523263424,3572575,
42.573472592,3778348,
42.623675706,3725067,
42.673893032,3459854,
42.724098367,3803957,
42.774306554,3827145,
42.824507387,3789025,
42.874721296,3609435,
42.924924373,3781876,
42.975128225,3738865,
43.025359311,3782270,
43.075554633,3591402,
43.125782032,3462284,
43.175991615,3803912,
43.226205421,3691405,
43.276420089,3766246,
43.326628141,3460884,
43.376830153,3896639,
43.427052904,3944467,
43.477217892,3597479,
43.527411545,1744420,
43.577591241,2040041,
43.627808815,3737987,
43.678035573,3873338,
43.728239061,3582801,
43.778448631,3691616,
43.828640773,3667183,
43.878861349,3629157,
43.929085512,3990644,
43.979320637,3603034,
44.029526285,3729165,
44.079729896,3684176,
44.12993979,3613470,
44.180136847,3756242,
44.230341738,3830128,
44.280547256,3589325,
44.330750149,3567459,
44.380960755,3709494,
44.431163608,3718657,
44.481370843,3880651,
44.53157306,3727334,
44.58178932,3719833,
44.632004443,3708382,
44.682211246,3764077,
44.732423648,3908254,
44.782644152,3625369,
44.832846423,3772105,
44.883063918,3466440,
44.933266403,3262195,
44.98345921,3783000,
45.033662678,3703760,
45.08385967,1540919,
45.134036071,1731229,
45.184241099,3747589,
45.234447582,3849063,
45.284655606,3636210,
45.334839505,3643084,
45.385047329,3727638,
45.435255114,3628654,
45.485465532,3611580,
45.535676523,3963413,
45.585899733,3581538,
45.636108401,3760355,
45.686317523,3749678,
45.736522073,3653334,
45.786726646,3943002,
45.836975767,3720793,
45.887185344,3549901,
45.937387302,3707099,
45.987584244,3607243,
46.037793871,3911672,
46.088008432,3763568,
46.138205346,3638685,
46.18840544,3699270,
46.238611549,3848442,
46.288817063,3918422,
46.339029667,3710658,
46.389218987,3597564,
46.43941879,3398126,
46.489620957,3042782,
46.539821419,3887679,
46.590025398,3648587,
46.640217248,1057278,
46.690387514,2650394,
46.740586308,3839713,
46.790811283,3283092,
46.841009735,3387861,
46.891219267,3853432,
46.941428928,3738693,
46.991629571,3699129,
47.041832859,3734649,
47.092042929,3637611,
47.142245074,3807634,
47.19246617,3790747,
47.242664094,3723813,
47.292872035,3658728,
47.343079251,3611867,
47.393276427,3724439,
47.443482001,3862724,
47.493690903,3745665,
47.543884044,3657966,
47.594082506,3706552,
47.644286307,3768622,
47.694494376,3718468,
47.744709545,3694383,
47.794923757,3750223,
47.845121155,3638499,
47.895322611,3777031,
47.945527136,3776579,
47.995724699,3718514,
48.045920302,3738414,
48.096124648,3829107,
48.146329063,3661392,
48.196531432,919216,
48.246718331,2967507,
48.296941476,3807744,
48.347149711,3748639,
48.397354774,3660710,
48.447555052,3738252,
48.49775716,3980889,
48.547951221,3634817,
48.598151614,3628022,
48.648339615,3542235,
48.698541146,3550220,
48.748737035,3763301,
48.798942467,3969470,
48.849168621,3841204,
48.899371702,3674897,
48.949588347,3658598,
48.99979072,3957398,
49.050013941,3715330,
49.100212294,3733754,
49.150418771,3652340,
49.200618242,3860414,
49.250827719,3930649,
49.301026969,3859709,
49.35122336,1171472,
49.401394161,1357432,
49.451578603,1259812,
49.501772723,1107201,
49.551962249,1253348,
49.602146631,1319660,
49.652346901,1277592,
49.702564195,1111911,
49.752755444,328482,
49.802907535,1109966,
49.853100938,1370508,
49.90330133,1061942,
49.953491701,969958,
50.00366934,2367284,
50.053859518,2709791,
50.104061542,3024291,
50.154265804,2818790,
50.204456879,2707784,
50.25467021,2788312,
50.304877991,2739324,
50.355079139,2773540,
50.405286904,2637102,
50.455482805,3001551,
50.505701884,2727827,
50.55589673,2678248,
50.606100689,2734569,
50.656308533,2755072,
50.706506564,2783527,
50.756712182,2786434,
50.806937366,2709947,
50.857140984,2762697,
50.907343436,2737062,
50.957542377,2759562,
51.007744109,2725790,
51.057938643,2587424,
51.108133682,2746463,
51.158337089,3070737,
51.20855144,2785877,
51.258762724,2770116,
51.308949515,106446,
51.359090816,2790550,
51.40928632,2803083,
51.459478405,2766515,
51.509676171,3088473,
51.559865713,2642917,
51.610072157,2810158,
51.6602737,2743514,
51.710493606,2877007,
51.760689556,3109770,
51.810900061,2709454,
51.861100995,2664874,
51.911292277,2618155,
51.961492393,2640576,
52.011694337,2811780,
52.061892359,2748175,
52.112094158,3000682,
52.162293579,2726429,
52.21249149,2817907,
52.262698226,2635183,
52.312902508,2793529,
52.363097109,2754193,
52.413297125,3039305,
52.46348361,2719415,
52.513692886,2793206,
52.563884111,2733471,
52.614083877,2826528,
52.664282902,2386416,
52.714484138,3223311,
52.764670612,2813573,
52.814878535,2676919,
52.865054966,93169,
52.915213513,2871866,
52.96541172,2680723,
53.015613816,2727065,
53.065806746,2685234,
53.116006854,2549267,
53.16620275,1323806,
53.216393822,1256980,
53.266585111,1074777,
53.316779502,1277937,
53.366976642,1342823,
53.417180245,1278572,
53.467377102,1229133,
53.517581232,1125550,
53.567769255,1298901,
53.61796215,1311559,
53.668160982,1288131,
53.718363837,1188137,
53.768562286,1112670,
53.818758519,1320551,
53.86895726,1290348,
53.919151665,1069877,
53.969348144,1275586,
54.01954625,1327688,
54.069745349,1278477,
54.119935699,1038507,
54.170120362,1364207,
54.220302552,1255085,
54.270527389,1125161,
54.320722791,1308614,
54.3709112,1205901,
54.421073214,257644,
54.471264692,1120049,
54.521454991,1294872,
54.5716432,1339554,
54.621838117,1311344,
54.672023307,1073475,
54.722218562,1251122,
54.772408583,1324095,
54.822608461,1335676,
54.872809443,1006831,
54.923002419,1358209,
54.973177837,256391,
55.023360614,1312824,
55.073559048,1292293,
55.123759926,1071218,
55.17396374,1255640,
55.224162403,1331676,
55.274359658,1040532,
55.324548328,1322872,
55.374746513,1324269,
55.42494448,1305277,
55.475160203,1072310,
55.525358953,1279879,
55.575561499,1297040,
55.625754889,1321446,
55.675952951,1303114,
55.726143747,1071362,
55.776331323,1244169,
55.826524106,1338036,
55.876747888,1161786,
55.926943643,1095114,
55.977108599,138809,
56.027287895,1429616,
56.077477955,1075051,
56.127665536,1316929,
56.177861027,1350358,
56.228063223,1291434,
56.278267637,1061690,
56.32846072,1322635,
56.378661799,1287236,
56.428866079,1082407,
56.479065404,1272352,
56.529225503,1287742,
56.579416744,1175986,
56.629647744,1185376,
56.679837201,1324345,
56.730027925,1328212,
56.780233685,1096498,
56.830455128,1183347,
56.880655422,1338955,
56.930860539,1319244,
56.981052987,1130015,
57.031251693,1241811,
57.081456283,1330734,
57.13164717,1336986,
57.181845882,1270707,
57.232047048,1071870,
57.28224774,1320839,
57.332440984,1326741,
57.382643,1317238,
57.432843826,998994,
57.483032696,900781,
57.533187635,536383,
57.583376792,1404689,
57.633572804,1289690,
57.683788401,1061855,
57.733982286,1293407,
57.78417565,1321196,
57.834383479,1322219,
57.884583322,1075204,
57.934775639,1283971,
57.984965326,1355166,
58.03516332,1308177,
58.08535275,1219184,
58.135547431,1118734,
58.185740864,1303485,
58.235946769,1297492,
58.286147756,1230817,
58.336353147,1052893,
58.386545657,1322072,
58.436738307,1332727,
58.486931825,1275527,
58.537116957,1035866,
58.587311199,1013203,
58.637506648,1292473,
58.687701049,1332325,
58.737905953,1336308,
58.788106239,1070079,
58.838297014,1295347,
58.888492238,1337614,
58.938693971,1327315,
58.988877141,1252660,
59.03907718,633634,
59.089221421,616222,
59.139427147,1315143,
59.189621322,1349333,
59.239820708,1094566,
59.29001779,1229419,
59.340213877,1344204,
59.390412452,1335084,
59.440614314,1269301,
59.490829671,1100346,
59.541031573,1338028,
59.591234502,1285317,
59.641439893,1033978,
59.691629134,1365251,
59.741831009,1302716,
59.792044555,1078555,
59.842248582,1326939,
59.892439521,1360927,
59.942619109,510057,
59.992783458,1083817,
60.042983704,1329809,
60.093209313,1224383,
60.143403889,1097572,
60.193601356,1346710,
60.24380136,1293907,
60.294007068,1317060,
60.344188347,1125692,
60.394391702,1229984,
60.444587296,1317494,
60.494792244,1278266,
60.545007999,1115506,
60.595200946,777700,
60.645363826,650768,
60.695554026,1400194,
60.74576153,1291589,
60.795969202,1080925,
60.846163243,1370932,
60.896379673,1292219,
60.946570592,1094093,
60.996770852,1243936,
61.046970213,1309602,
61.097168182,1064464,
61.147374153,1258580,
61.197574263,1319500,
61.247772001,1259786,
61.297963494,1261027,
61.34817612,1073880,
61.398381335,1201669,
61.448579081,1306240,
61.498775017,1241635,
61.548978301,1090657,
61.599166851,1330782,
61.649366399,1329790,
61.699562295,1296273,
61.749762128,1210852,
61.799979243,1113562,
61.850186078,1274898,
61.900380376,1311983,
61.950587174,976402,
62.000793267,1274199,
62.050992769,1302556,
62.101191959,1306429,
62.151385444,470691,
62.201548903,1001649,
62.251750714,1069355,
62.301951668,1305708,
62.352154463,1360195,
62.402360983,1272595,
62.452577844,1115088,
62.502776724,1260202,
62.552978266,1338651,
62.603183394,1290821,
62.653375853,1039966,
62.703572839,1290361,
62.753779075,1307780,
62.803986486,995539,
62.854185968,1320580,
62.904381915,1322696,
62.954579968,1008806,
63.004773942,1324050,
63.054999782,1217588,
63.105210845,1123759,
63.155403384,1334807,
63.205608623,1273648,
63.255800718,1196596,
63.306019035,1122106,
63.356206257,1320571,
63.406405868,1322562,
63.456614112,1237716,
63.506817255,1082751,
63.557013169,1313188,
63.60721725,1329053,
63.657414896,1265828,
63.707599372,352807,
63.757787104,812136,
63.807976161,1361257,
63.858177785,1327263,
63.908374964,1196676,
63.958577125,1166192,
64.008772623,1308271,
64.058990136,1316349,
64.109187888,1004404,
64.159389197,1359472,
64.209591357,1187372,
64.259791459,1128341,
64.309987887,1333878,
64.360179926,1316620,
64.410390327,994487,
64.46058097,1341279,
64.510786939,1311549,
64.561000244,1235159,
64.611203205,1109879,
64.661404353,1287882,
64.711596195,1326434,
64.761798304,1304355,
64.812026441,1069862,
64.862225097,1288632,
64.912413018,1323535,
64.962610566,158244,
65.012783794,1395066,
65.062969487,1074831,
65.11316256,1277456,
65.16335952,1358094,
65.213561134,1262273,
65.263757044,169377,
65.313918934,1051299,
65.364111697,1329796,
65.414318225,1354722,
65.464518945,1329631,
65.514719122,1243890,
65.56493303,1080164,
65.615126989,1350649,
65.66532854,1347705,
65.715524504,1313085,
65.765726737,1223973,
65.815922247,1088565,
65.866123834,1349490,
65.916318204,1358843,
65.966542683,1289159,
66.016756325,1090724,
66.06694855,1283634,
66.117146502,1327747,
66.167350262,1254353,
66.217548797,1089445,
66.267750287,1365636,
66.317956207,1042434,
66.368143388,1330363,
66.418341726,1336766,
66.46854415,1329607,
66.518758161,1234108,
66.568965816,1136123,
66.619169333,1289391,
66.669369609,1302032,
66.719570236,1312268,
66.769763424,1004176,
66.819959291,379098,
66.870131473,1074951,
66.920323122,1400949,
66.970522337,1304859,
67.020741063,1069685,
67.07094158,1303089,
67.121146704,1342397,
67.171351494,1338900,
67.221547086,1070405,
67.271741085,1292211,
67.321942711,1283712,
67.372136916,1355774,
67.422330911,1040276,
67.47252468,1335309,
67.522723997,1354125,
67.572925617,1095980,
67.623132154,1206924,
67.673331916,1289101,
67.723525979,1329859,
67.773727933,1297290,
67.823918473,1075594,
67.874115612,1248115,
67.924308207,1327230,
67.974511393,1327523,
68.024719574,1308825,
68.074927997,1120064,
68.125137087,1199681,
68.175342051,1328041,
68.225533447,1329158,
68.275731806,1227331,
68.325929036,1313042,
68.376110626,58556,
68.426265112,1170248,
68.476454371,1337228,
68.526648859,1319964,
68.576837914,1050108,
68.627030473,1348318,
68.677223113,1223163,
68.727448062,1118133,
68.777641073,1345666,
68.827833088,1354174,
68.87803239,1175432,
68.928236841,1150298,
68.978428842,1357751,
69.028628656,1338925,
69.07883979,1261087,
69.129059168,1047053,
69.179252991,1348815,
69.229449253,1342007,
69.279646921,1282066,
69.329840372,988752,
69.380035135,1343865,
69.430238447,1346442,
69.480440251,1300719,
69.530638243,1032598,
69.580828541,1306940,
69.631024512,1352540,
69.681222245,1067978,
69.731410229,1252504,
69.781604232,1347016,
69.831807408,1347309,
69.882003084,972302,
69.932158486,17255,
69.982308352,632251,
70.032501246,1428532,
70.082707653,1302100,
70.132908857,1318562,
70.183119249,1046854,
70.233317425,1339485,
70.283514914,1300256,
70.333721733,1273128,
70.383918941,1283507,
70.4341418,1035572,
70.484342137,1287704,
70.53454209,1334464,
70.584739198,1322579,
70.634928843,1057795,
70.685124483,1295325,
70.735321909,1344711,
70.78553864,1041131,
70.835722832,1306084,
70.885918509,1362613,
70.93612272,1253170,
70.986322268,1125793,
71.036526271,1346814,
71.086731858,1272614,
71.136935839,1099096,
71.187135637,1356480,
71.237345449,1329322,
71.287539285,1335940,
71.337748681,1078474,
71.387936756,1276668,
71.438128335,1353508,
71.488303157,41806,
71.538467139,1392422,
71.588673432,1333804,
71.638866096,1112928,
71.689063295,1233617,
71.739272463,1325645,
71.789465017,1341911,
71.839662391,1062363,
71.889856203,1320073,
71.940035184,1347451,
71.990244288,1081923,
72.04043835,1280400,
72.090635246,1354584,
72.140831477,1334117,
72.191026582,1286830,
72.24121288,1047011,
72.291407315,1036819,
72.341603535,1347464,
72.391792809,1325926,
72.442008392,1302251,
72.492210073,1101805,
72.542407618,1297022,
72.592597155,1362172,
72.642795332,1333726,
72.692995913,1277568,
72.743211756,1204571,
72.793409098,1139498,
72.843601107,1286414,
72.893795942,1353478,
72.94398721,1242321,
72.994190997,1078894,
73.044350435,32676,
73.094501834,1449321,
73.144718048,1078139,
73.194917669,1316494,
73.245121702,1287613,
73.295321821,1333598,
73.345521353,1332011,
73.395713465,1322783,
73.445910022,1211543,
73.49610584,1166802,
73.546301181,1285176,
73.596491964,1333256,
73.646702544,1330665,
73.696911853,1265806,
73.747112167,1112246,
73.79730816,1272330,
73.847497577,1348640,
73.897691447,1311733,
73.94790396,1200158,
73.998110061,1140407,
74.048309767,1270908,
74.098502596,1368821,
74.148700422,1247512,
74.198907563,1144965,
74.249104077,1274542,
74.29930837,1346865,
74.349506691,1330629,
74.399709766,1306228,
74.449925067,1094960,
74.500119821,1288457,
74.550317007,1166276,
74.600487473,287420,
74.650678295,1433267,
74.700884671,1321094,
74.751098018,1186613,
74.801320864,1126010,
74.851513506,1339480,
74.901710722,1369342,
74.951897581,118726,
75.002085453,1424797,
75.05228611,1296658,
75.102511406,1247586,
75.152732205,1093143,
75.202924995,1389590,
75.253123556,1317375,
75.303327994,1131179,
75.353534762,1221791,
75.403728856,1285297,
75.453928971,1330776,
75.504134883,1329864,
75.554357151,1209837,
75.604587091,1194287,
75.654792626,1278877,
75.704998085,1331054,
75.755196287,1269887,
75.805384341,1351779,
75.855582101,1312995,
75.905795736,1022305,
75.955995391,1269850,
76.006195367,1353944,
76.05639288,1297592,
76.106596062,670999,
76.156750003,566289,
76.206939817,1394519,
76.257129948,1280344,
76.307366551,1072578,
76.357572935,1352014,
76.407772862,1324418,
76.457985318,1277554,
76.508195977,996909,
76.558407285,1291531,
76.608622479,1292746,
76.658832083,1247816,
76.709052729,1163184,
76.759263264,1192926,
76.809463282,1288960,
76.859667403,1290066,
76.909876506,1339022,
76.96008463,1300365,
77.010299883,1297320,
77.060506446,1226840,
77.110727796,1166475,
77.160937344,1193161,
77.211137291,1308205,
77.261341925,1282456,
77.311543712,1297914,
77.361751248,1264046,
77.411972008,1311499,
77.46217188,1009114,
77.512366546,1319113,
77.56257825,1300788,
77.612783906,1307019,
77.662989508,742313,
77.713162229,696479,
77.763371733,1330611,
77.813573547,1288003,
77.863798858,1259339,
77.914005359,1089272,
77.964200507,1315918,
78.014400502,1295678,
78.064597959,1302247,
78.114807689,1295552,
78.164999602,1303592,
78.215185736,1259868,
78.265379225,1264660,
78.315598455,1107773,
78.365822451,1237036,
78.416026432,1269265,
78.466228218,1280682,
78.516428568,1298282,
78.566643995,1309379,
78.616836548,1056135,
78.667035719,1281829,
78.717221487,1278937,
78.76741338,1318468,
78.817608382,1318736,
78.867811153,1306369,
78.918014338,1227152,
78.968214845,1132805,
79.01841893,1250316,
79.068622833,1316423,
79.118827077,1299517,
79.169023512,1332735,
79.21923254,458950,
79.269399169,975932,
79.319594033,1323683,
79.369773669,1040161,
79.419971728,1280692,
79.470183724,1279118,
79.520379946,1279258,
79.570585592,1289553,
79.620778032,1306313,
79.670981818,1287735,
79.721211855,1237583,
79.771408899,1112029,
79.821612059,1267548,
79.871810636,1299609,
79.922025663,1259067,
79.97221367,177891,
80.022368006,1438468,
80.072563131,1237979,
80.122770126,1116552,
80.17297001,1287012,
80.223180043,1279522,
80.273385753,1317235,
80.323585023,1302407,
80.373798561,1307860,
80.423994515,981772,
80.474202632,1253456,
80.524412256,1280461,
80.574616043,1287679,
80.624817463,1273195,
80.675014849,1306634,
80.72521914,1307376,
80.775403555,440511,
80.825560485,696752,
80.875745457,1325242,
80.925945374,1332586,
80.976145407,1315962,
81.026353595,1280559,
81.076556594,1031831,
81.12674769,1238056,
81.176943314,1340892,
81.22715408,1304493,
81.277354868,1305263,
81.327550883,1263731,
81.377762946,1085419,
81.427961562,1248908,
81.478167089,1300882,
81.528374717,1287718,
81.578573342,1311989,
81.628787716,1286531,
81.678981952,1284756,
81.729187607,1196811,
81.77939039,1131077,
81.829590128,1281896,
81.879792186,1316000,
81.929981513,1037738,
81.980166161,1280127,
82.030370329,1287444,
82.080562281,1322296,
82.130773107,1296076,
82.180987099,1299295,
82.23120016,1230053,
82.281413354,1115750,
82.331608193,362941,
82.38177392,1022993,
82.431972636,1335291,
82.482169901,1314500,
82.532366976,1302078,
82.582583275,1299389,
82.632799138,1289875,
82.683005287,1246633,
82.733223856,1273000,
82.783422386,1117281,
82.833621507,2083043,
82.883825973,2491804,
82.934025077,2476359,
82.984245599,2280422,
83.034445664,2309942,
83.084642957,2927961,
83.134860557,3090194,
83.185068211,2878421,
83.235275564,3116724,
83.285493506,3104538,
83.335687684,3096855,
83.385897593,3983764,
83.436108864,4056196,
83.486307165,3972574,
83.53652086,3960035,
83.586722612,3956523,
83.636937131,3953353,
83.687144275,3963991,
83.737365274,3789768,
83.787560263,4417639,
83.83776146,4451359,
83.887962661,4423710,
83.938279387,4986219,
83.98849034,5085519,
84.038702347,4990708,
84.08891251,5091069,
84.139120006,5095489,
84.189326967,5082257,
84.239544092,5082135,
84.289750269,5095481,
84.339950377,5044718,
84.390157661,5046449,
84.44037352,5058294,
84.49058298,5034147,
84.54078602,5054727,
84.590990902,5017830,
84.641200885,5032149,
84.691400503,5078635,
84.7416007,5042687,
84.79179988,5065383,
84.84200701,4938933,
84.892220592,4986809,
84.942429669,5144459,
84.992634996,5078563,
85.042836896,5226116,
85.093053051,5300654,
85.143260828,5580531,
85.193472587,5551774,
85.243684705,5563497,
85.293899283,5535693,
85.344108576,5544294,
85.394316852,5544393,
85.444525261,5571998,
85.494740542,5815165,
85.544948822,5573065,
85.595170025,5570449,
85.645386283,5729049,
85.695598782,5532525,
85.745834251,6146358,
85.796051561,6048613,
85.846275031,6076074,
85.896504803,6073532,
85.94671053,6151062,
85.996913581,6164542,
86.047113058,6300572,
86.097358652,6366232,
86.147572972,6282798,
86.197791393,6293084,
86.248005295,6355570,
86.298224436,6409726,
86.348441177,6169633,
86.398680338,6159983,
86.448895453,6260671,
86.49911402,6189421,
86.549329844,6178415,
86.599550654,6213055,
86.649763509,6452485,
86.699978087,6572156,
86.750167304,6519202,
86.800368089,6509556,
86.850571298,6442049,
86.900803437,6339381,
86.951023925,6522992,
87.001222053,6512613,
87.051449315,6447391,
87.101713127,6481261,
87.151930431,6432881,
87.202142872,6428544,
87.252372696,6731637,
87.302602185,6746918,
87.352846498,6449677,
87.403074568,6796708,
87.453283387,6644962,
87.50350209,6742828,
87.553730787,6864631,
87.603942782,6690229,
87.654155909,6801699,
87.704373257,6909566,
87.754583086,6953632,
87.804804636,6883230,
87.855043735,6850039,
87.905269482,7003897,
87.955483941,6966736,
88.005691717,6763024,
88.055918702,6901501,
88.106126431,6622413,
88.156349943,7087225,
88.206575466,6805613,
88.256766118,6767949,
88.306988763,6814237,
88.357232393,7053665,
88.407454327,6767139,
88.45766757,6801882,
88.507874511,6665601,
88.558083274,6779813,
88.608294386,7005737,
88.658538644,7100523,
88.70875309,6983862,
88.758980136,7043185,
88.80921664,7140477,
88.859433593,7117540,
88.909652347,6877273,
88.959867731,7106156,
89.010070164,7026565,
89.060272308,7024902,
89.110488535,6950308,
89.160704617,7003263,
89.21095137,6988623,
89.261162301,6999828,
89.311368556,6991085,
89.361593699,6921273,
89.411828777,7076713,
89.46207936,6874490,
89.512286535,6943854,
89.562511718,6901796,
89.6127372,7012343,
89.662989211,6924735,
89.713190903,6982880,
89.763422648,6958158,
89.813630247,6955483,
89.863844434,7129221,
89.914065474,7123476,
89.96430671,7311594,
90.014529254,7058296,
90.064753381,7105871,
90.114995818,7088512,
90.165212943,7372866,
90.215423359,7163886,
90.265632761,7187967,
90.315848351,7187695,
90.366070888,7007126,
90.416293342,7260289,
90.466520397,7128327,
90.516729304,7159849,
90.566934021,7158638,
90.617137554,7083049,
90.667349889,7427388,
90.717546829,7206244,
90.767755003,7096106,
90.817997621,7062723,
90.868192922,7338874,
90.918400602,7283900,
90.968597283,7206952,
91.018792599,7188594,
91.06902144,7119972,
91.119235012,7137376,
91.16943443,7223075,
91.219631381,6632551,
91.269841748,7035343,
91.320070564,7230805,
91.370280676,7086161,
91.420481817,7251729,
91.470704377,7137193,
91.520955803,7437517,
91.571155558,7131453,
91.621353587,7203800,
91.671572125,7174699,
91.721788916,6890690,
91.772012205,7248713,
91.822238677,7316428,
91.872461653,7291647,
91.922681093,7078634,
91.972913649,7115173,
92.023123522,7214183,
92.07335386,7080317,
92.123574189,7181238,
92.173837301,7422351,
92.224051985,7227051,
92.274368948,7172705,
92.324588559,7043220,
92.374803802,7038061,
92.425027848,7175720,
92.475233519,7146863,
92.525467203,7045874,
92.575686457,7244888,
92.62592543,7082280,
92.67612258,7255342,
92.726327451,7054245,
92.776530734,7118637,
92.82673638,7329329,
92.876949071,7285935,
92.927163058,6984285,
92.977366164,7302188,
93.027565144,7094704,
93.07776642,7292770,
93.127969274,7179608,
93.178180521,7054482,
93.228413931,7217109,
93.27863747,7073546,
93.328850055,7252125,
93.379060639,7187469,
93.429257568,7134661,
93.479465824,7222940,
93.529672828,7381183,
93.579888574,7067555,
93.630084684,7236228,
93.68028602,7200370,
93.730475797,7130564,
93.780678996,7239384,
93.830914114,6959764,
93.88112718,7171177,
93.931366378,7188095,
93.981569366,7222441,
94.031770029,7210627,
94.081981677,7100853,
94.132231798,7272790,
94.182449956,6990063,
94.232672843,7291106,
94.282894426,6892617,
94.333102509,7207038,
94.383323392,7147307,
94.433523409,7199356,
94.483740666,7160788,
94.533940846,6988612,
94.584157075,7262351,
94.634363799,7016205,
94.684582305,7230379,
94.734796712,7200991,
94.785024407,7106155,
94.835223272,7140356,
94.885541793,7140822,
94.935740769,7243798,
94.985961961,6975743,
95.036192947,7128583,
95.086424447,7104437,
95.136633883,7146669,
95.18686183,7216882,
95.237060614,7003570,
95.287276032,7231402,
95.337511192,7073009,
95.387705598,7290160,
95.437937901,7103535,
95.488144113,7259892,
95.538357054,7093751,
95.588577377,7120145,
95.63878906,7162035,
95.688992473,7083955,
95.739220322,7150435,
95.789439597,7061896,
95.83964268,7273870,
95.889868441,7073054,
95.940063859,7182628,
95.990279879,7237696,
96.040472606,7100778,
96.090701799,7193276,
96.140942881,7090169,
96.191149748,7474417,
96.241338551,7070124,
96.291551247,7202957,
96.341781081,7103004,
96.391999616,7078798,
96.44220031,7265740,
96.492424365,7066581,
96.54263681,7287443,
96.592857695,7256490,
96.643069537,7133910,
96.693303715,7301512,
96.743523322,7096741,
96.793752043,7189238,
96.843948108,7090458,
96.89414383,7147457,
96.944351719,7169691,
96.994605836,7096762,
97.044806567,7237482,
97.095006473,7124701,
97.145220509,7270907,
97.195439431,7110930,
97.245642915,7127861,
97.295848345,7113147,
97.346051451,7113641,
97.396290199,7247116,
97.446505579,7037573,
97.496738063,7263777,
97.546951602,7150406,
97.597159031,7217768,
97.647367078,7108255,
97.697582712,7155961,
97.74780808,7285978,
97.79805675,7054402,
97.848274449,7522196,
97.898484772,7183154,
97.948716926,7191509,
97.998925931,7054007,
98.04914393,7224233,
98.099354607,7128252,
98.149555073,7234965,
98.199768835,7147872,
98.249959442,7072554,
98.30016868,7174617,
98.350368136,7018751,
98.400579991,7192362,
98.450791043,7145708,
98.50099124,7164309,
98.551202791,7128704,
98.601404943,7062421,
98.651607934,7295952,
98.701823478,6966537,
98.752038806,7236266,
98.802268987,7006129,
98.852479674,7262154,
98.902694002,7073198,
98.952924741,7239232,
99.003139291,6980151,
99.053339866,7163268,
99.103578642,7174899,
99.153784395,7015962,
99.204033305,7205630,
99.254238112,7057504,
99.304434657,7126370,
99.354652141,7309912,
99.404853923,7262179,
99.455063504,7430194,
99.505297897,6935975,
99.555510777,6891137,
99.605764805,7126133,
99.655985078,7120266,
99.706217775,7202292,
99.756448676,6971964,
99.806647234,7243065,
99.856860767,7154873,
99.907049764,7131880,
99.957263139,7304422,
100.007488458,7132369,
100.057712151,7197097,
100.107915374,6979127,
100.158124762,6869714,
100.208323924,7093411,
100.258550275,7075705,
100.308801928,7195669,
100.359006022,7192124,
100.409209407,7080071,
100.459414857,7210093,
100.509625348,7066675,
100.559829997,7108093,
100.610052328,7210442,
100.660252538,7034443,
100.710472544,7328952,
100.76070107,6979349,
100.810904602,7204306,
100.861107163,7014420,
100.91131663,7396787,
100.961521753,7119800,
101.011725296,7200648,
101.061933089,7102834,
101.112136048,7143601,
101.162348409,7144016,
101.212555089,7108873,
101.262791376,7281820,
101.313013642,7095012,
101.363214791,7523844,
101.413409652,6989054,
101.463623749,7094822,
101.51384117,7066125,
101.564048288,7255097,
101.614247381,7180922,
101.664509914,7167725,
101.714729388,7288627,
101.765035323,7071704,
101.815242661,7232320,
101.865450626,7121504,
101.915667925,7126916,
101.965897396,7286923,
102.016101311,7054564,
102.066307533,7202623,
102.116502769,7059143,
102.166715456,7275489,
102.21694978,7049689,
102.267161842,7120702,
102.31739319,7261125,
102.36759887,7056094,
102.4178217,7270209,
102.468031572,7126653,
102.518229621,7109909,
102.568436208,7147565,
102.618646048,7122639,
102.668850272,7113165,
102.719107945,7199260,
102.769325142,7014504,
102.819563861,7291730,
102.869790715,7123057,
102.920001137,7177073,
102.970232688,7157476,
103.020434231,6998486,
103.070685187,7173903,
103.120896946,7104736,
103.171097172,7144432,
103.221304869,7138909,
103.271514625,7160048,
103.321725656,7190512,
103.371965485,7031287,
103.422160739,7135778,
103.472414502,7226835,
103.522607489,7026564,
103.572821104,7268202,
103.623030485,6933546,
103.673236421,7292948,
103.723443673,7015920,
103.773659799,7197035,
103.823864906,7161030,
103.874067906,7182316,
103.9243073,7192063,
103.974515991,7099713,
104.024744182,7226859,
104.074958878,7151441,
104.125181853,7215175,
104.175417893,7275549,
104.225643837,7065616,
104.275873518,7238459,
104.326098592,7161797,
104.376337101,7179572,
104.426606724,7246644,
104.476838533,7022602,
104.527066965,7254924,
104.577294033,7064163,
104.627496545,7272830,
104.677721514,7232428,
104.727968168,7215999,
104.778184502,7098628,
104.828405473,7412579,
104.878613726,7251285,
104.92881481,7126149,
104.97904821,7494867,
105.029240641,7098136,
105.079444991,7283568,
105.129645746,7038377,
105.179848977,7116771,
105.23006672,7142903,
105.28028745,7231836,
105.330518882,7106657,
105.380735438,7048730,
105.430996767,7141621,
105.481200555,7224840,
105.531431227,7122254,
105.58164812,7173894,
105.631857911,7119898,
105.682098317,7165777,
105.732306748,7149142,
105.782513041,7034934,
105.832763653,7101269,
105.882981808,7123456,
105.93321833,7211431,
105.983421825,6960872,
106.033633122,7275838,
106.083856511,7078363,
106.134057611,7538091,
106.184284636,7182799,
106.234521853,7157892,
106.284733561,7124686,
106.334957211,7282642,
106.385163202,7154351,
106.435398703,7271305,
106.485619487,7069266,
106.535831199,7304391,
106.586036782,7128795,
106.63625723,7033403,
106.686461693,7087713,
106.73668348,7194894,
106.786895141,7169944,
106.837096762,7177170,
106.887313162,7149476,
106.937564672,7156754,
106.98778463,7176997,
107.037991949,7086870,
107.088229977,7260224,
107.138440537,7186302,
107.18870282,7247137,
107.238944208,7300559,
107.289224476,7104092,
107.339450681,7229640,
107.389674797,7194666,
107.4399124,7141137,
107.490151984,7360320,
107.540371254,7046821,
107.590580417,7215883,
107.640791944,7145357,
107.690992063,7289784,
107.741213875,7095197,
107.791414178,7303624,
107.841619439,7207909,
107.891823472,7201694,
107.942082216,7181938,
107.992303252,7509174,
108.042540469,7090163,
108.092753795,7295249,
108.142976638,7147671,
108.193199957,7234256,
108.243425548,7257024,
108.293644848,6993108,
108.343909318,7329905,
108.394131072,7069140,
108.444356669,7259259,
108.494580118,7154268,
108.544781045,7256229,
108.59499628,7200421,
108.645228191,7189261,
108.695448278,7344715,
108.745686421,7058755,
108.795893327,7238852,
108.846108675,7153186,
108.896316554,7094375,
108.946554703,7275685,
108.996794608,7160315,
109.047015938,7353743,
109.097238059,7085820,
109.147468231,7334148,
109.197684411,7133064,
109.247895333,5912772,
109.298140906,6124803,
109.348355262,5941001,
109.39858673,6052541,
109.44882423,5850915,
109.499055709,6038977,
109.549263706,6050911,
109.59948024,5931124,
109.649702361,6215869,
109.699911837,5870141,
109.750128384,6067871,
109.8003417,6026047,
109.850577331,6042410,
109.900800429,6108868,
109.951009823,5999518,
110.001216418,5962082,
110.051440108,6046552,
110.101655623,6059069,
110.151896533,5950430,
110.202109228,6234135,
110.252336402,6068101,
110.302611321,5962364,
110.352830899,5975042,
110.403034122,6001166,
110.45321711,5959733,
110.503434117,6036827,
110.553640779,6137480,
110.603867586,5939610,
110.654091605,6090973,
110.704302127,5885666,
110.754523799,6078957,
110.804741231,6015699,
110.854955359,6038832,
110.905179175,6167631,
110.955386696,6223277,
111.005598223,6121956,
111.055812151,5977720,
111.106071343,6029648,
111.15628864,5940571,
111.206495886,5639370,
111.256681985,5815955,
111.306962477,6138373,
111.357191709,6021624,
111.40739737,5940654,
111.457611106,6066602,
111.507813691,5951035,
111.558030997,5988898,
111.60823509,6051411,
111.658460498,5991435,
111.708690623,5917689,
111.758916051,6033694,
111.809148075,5918222,
111.859361102,6366810,
111.909576019,6053077,
111.959809529,5978196,
112.010027175,5971596,
112.060240981,6033307,
112.110470538,5985474,
112.160696704,6070242,
112.210910868,6073692,
112.26111303,5973381,
112.311344668,6144254,
112.36156032,5784667,
112.411784545,6171410,
112.462001368,6006334,
112.512237812,6027175,
112.56245526,6113485,
112.612680426,5919118,
112.662894901,6106779,
112.713088812,5997332,
112.763312774,5996905,
112.813513075,6030929,
112.863730269,5993497,
112.913967945,5973757,
112.964185674,6044483,
113.01439838,5999969,
113.06460489,6166101,
113.114820767,5893993,
113.165064439,6183199,
113.215292711,6273668,
113.265527966,6054594,
113.315762039,6089020,
113.366029504,6080621,
113.416240908,6033954,
113.466486555,6070250,
113.516705673,6010940,
113.566932839,5998651,
113.617144014,6104879,
113.667347568,5602694,
113.717560278,527382,
113.76770746,2695189,
113.817958862,6568826,
113.868211938,6636878,
113.918480745,6595831,
113.968726112,6791954,
114.018977492,6817996,
114.069198742,6756264,
114.119414577,6769634,
114.169665957,6773644,
114.219880782,6863942,
114.270163169,6896713,
114.32041763,6654909,
114.370640546,6732799,
114.420858863,6838351,
114.471080747,6791745,
114.521304679,6842236,
114.571531399,7024569,
114.621745814,6831812,
114.671981447,6787737,
114.722195977,6787289,
114.772436616,6744949,
114.822646953,6864979,
114.872874622,6756104,
114.923120347,6765491,
114.973353544,6987924,
115.023582372,6786034,
115.073791329,6866136,
115.124038362,6903194,
115.174249048,6862686,
115.224461331,6631124,
115.274675669,6801281,
115.324906717,6855260,
115.3751658,6668669,
115.42539491,6194203,
115.475606571,5500280,
115.525850859,5237297,
115.576083074,5312725,
115.626331488,5597219,
115.676581479,5289787,
115.726821904,5603058,
115.777041155,5236595,
115.827286248,5347564,
115.87750833,5564953,
115.927751009,5434040,
115.977971885,5281039,
116.02819627,5357045,
116.078438514,5546539,
116.128662869,5361212,
116.178934087,5648332,
116.229162069,4985183,
116.27942647,5061969,
116.329648116,5398151,
116.37988583,5336403,
116.430135932,5330700,
116.480380947,5151891,
116.530616266,6207049,
116.580835177,5867856,
116.631071976,5251761,
116.681303084,5363104,
116.731537221,5504296,
116.781794999,5598606,
116.832058222,6101605,
116.882282618,5217997,
116.932523159,5467686,
116.98278223,5363545,
117.033007186,5463676,
117.08324752,5277801,
117.133537853,5291068,
117.183785005,5241074,
117.234017524,5685754,
117.284317179,5259839,
117.334559737,5257661,
117.38479392,5035677,
117.435035341,5248396,
117.485221107,5282797,
117.535471791,5283900,
117.58574868,5224112,
117.636034876,5457813,
117.686285176,5250798,
117.736545231,5424605,
117.786791456,5317944,
117.837028911,5371612,
117.887271154,5452090,
117.937524228,5517418,
117.987753963,5387155,
118.038051588,5372741,
118.088287166,5703523,
118.138532741,6001738,
118.18878358,5321034,
118.239046539,5289382,
118.289271451,5307941,
118.339535074,5384682,
118.389763952,6238772,
118.43997816,5635672,
118.490217483,5234782,
118.540465764,5612027,
118.590727241,5346609,
118.640976618,5449363,
118.691233448,5327843,
118.741473537,5371071,
118.791696221,5465089,
118.841951465,5493038,
118.892177966,5421436,
118.942426989,5310544,
118.992654347,5300687,
119.042900778,5316829,
119.093147474,5824778,
119.143390424,5300165,
119.193638907,5367901,
119.243864408,5371848,
119.294106498,2388936,
119.344314707,75393,
119.394521916,90758,
119.44472436,92285,
119.494955544,86546,
119.545153063,62355,
119.595352623,115727,
119.645549938,56355,
119.695758405,87583,
119.745977276,69985,
119.796175366,125877,
119.84638834,73325,
119.896581105,77369,
119.946789051,131838,
119.9970128,1620223,
120.047234634,4816227,
120.097473692,5367378,
120.14769912,5076520,
120.197937827,5047255,
120.248166186,4763939,
120.298390262,5432113,
120.348634577,5055127,
120.398863774,5144354,
120.449100249,5093178,
120.499338506,5065817,
120.549566065,5053944,
120.599786347,5043505,
120.650014605,5266860,
120.700266868,5193750,
120.750486825,5000032,
120.800760086,5031931,
120.851010103,5057833,
120.901219515,5023339,
120.951440305,4832884,
121.001678978,4931292,
121.051903254,5022020,
121.102138598,5499280,
121.152386406,5092665,
121.202633112,5247487,
121.25286319,693630,
121.303085289,1937762,
121.353309813,4928075,
121.403551486,5110430,
121.453783089,4989897,
121.504000635,971886,
121.554231337,132027,
121.604450845,4751247,
121.654705668,4997947,
121.704921731,5182430,
121.75514754,5055486,
121.80536539,4943973,
121.856116788,4989930,
121.90635006,5013630,
121.956582289,5014012,
122.00682621,5210211,
122.057056293,5057585,
122.107295425,5074348,
122.157517606,5020415,
122.20776662,4903141,
122.257993299,4999637,
122.308202388,5038387,
122.358426963,4962430,
122.408641176,5259013,
122.458871216,5347346,
122.50910712,4985102,
122.559364678,4959050,
122.609591741,5165986,
122.659808154,4826143,
122.710020956,4991262,
122.760236293,3383353,
122.810588777,4066988,
122.86078743,3861101,
122.91098152,3948536,
122.961196729,3908581,
123.011390872,3916993,
123.061600226,89436,
123.111753099,1450380,
123.161960151,1125197,
123.212161276,1349522,
123.262353869,1381246,
123.312562324,1336500,
123.362756818,1253521,
123.41296334,1117323,
123.463158775,1369790,
123.513358436,1372987,
123.563558031,975285,
123.613752755,1368681,
123.663934607,1364035,
123.714140146,1041817,
123.764318367,1395598,
123.814517829,1372232,
123.864718139,1259476,
123.914932845,1143559,
123.965139919,1384543,
124.015347801,1359871,
124.065555784,1289395,
124.115756904,1293137,
124.165963474,1113262,
124.216164199,1366364,
124.266398685,1316348,
124.316614886,1104614,
124.36682574,1317323,
124.417033047,1362762,
124.467235283,1325960,
124.517433774,1352143,
124.567627594,1141581,
124.617805617,252399,
124.667982933,1345134,
124.718205848,1152790,
124.76840543,1346030,
124.818608345,1385352,
124.868775993,1077886,
124.918979653,1373935,
124.969189379,464240,
125.019385408,1062284,
125.069575909,1391903,
125.11976932,1365618,
125.169959579,1058550,
125.220158772,1318216,
125.27035333,1381037,
125.320556016,1364983,
125.370773842,1298029,
125.420977462,1101303,
125.471175962,1323448,
125.52137765,1368522,
125.57157598,1309866,
125.621776969,1297592,
125.671973458,1075466,
125.7221693,1358706,
125.772371899,1360345,
125.822572919,1281138,
125.872769077,1131611,
125.92296896,1345598,
125.973168651,1372122,
126.023372306,1288770,
126.073572687,1107766,
126.123748773,1026099,
126.173932027,449635,
126.224124838,1418497,
126.274308037,1160947,
126.324506077,1255787,
126.374704713,1365054,
126.424900567,1360679,
126.475108541,1314659,
126.525318254,1113467,
126.575525129,1297909,
126.625724699,1320022,
126.675919569,1384216,
126.726125164,1257389,
126.776331345,1109891,
126.826529349,1284572,
126.876728293,1353132,
126.92692875,1376419,
126.977130484,1306910,
127.027349324,1109160,
127.077547521,1345593,
127.127743586,1383570,
127.17794169,1359483,
127.22812686,1100206,
127.278324464,1303366,
127.328525188,1361716,
127.378726933,1349653,
127.428920709,1075353,
127.479121395,1343665,
127.52932312,1356829,
127.579520804,1354461,
127.629725192,1266335,
127.679911412,911997,
127.730073911,328046,
127.780264251,1418616,
127.830465482,1343668,
127.880653248,1085699,
127.930851536,1330421,
127.981050096,1375162,
128.031264382,1305043,
128.081455491,1027474,
128.131652293,1349666,
128.181861889,1365600,
128.232063691,1074905,
128.28226103,1352807,
128.332454777,1358886,
128.382655579,1371276,
128.43285726,1211141,
128.483070669,1186624,
128.533268744,1302030,
128.583460755,1376411,
128.633675148,1327856,
128.68387413,1064238,
128.734076108,1238024,
128.784271037,1323251,
128.83446309,1347139,
128.884663043,1104144,
128.934863626,1343910,
128.985059559,1325766,
129.035267614,1358481,
129.085468653,1295137,
129.135664792,1119389,
129.185864793,1379172,
129.236054907,883853,
129.286216839,480750,
129.336417396,1123154,
129.386611509,1377393,
129.436813279,1030656,
129.487012941,1367247,
129.537218915,1377367,
129.587415944,1349153,
129.637635519,1062370,
129.687823755,1375214,
129.738019633,1378557,
129.788220018,1327662,
129.838418375,1106242,
129.888614767,1312008,
129.938801908,550333,
129.988965755,1099522,
130.039166455,1317071,
130.089362809,1388323,
130.139560105,1023823,
130.189754097,1393522,
130.239952046,1377625,
130.290157644,1229693,
130.340376229,1166461,
130.390570364,1355868,
130.440770892,1049516,
130.490966624,1341609,
130.541157409,1350102,
130.591382161,1297312,
130.641585395,1127247,
130.691780352,1365470,
130.741979737,1337802,
130.792167919,538206,
130.842330856,860396,
130.892527042,1189439,
130.942723363,1395828,
130.992935941,1078693,
131.043141839,1310159,
131.095109959,1382913,
131.145286,1092993,
131.195478756,1399195,
131.245676317,1371242,
131.295861148,1266599,
131.34609407,1183688,
131.396300238,1388399,
131.44651237,1312059,
131.496724105,1124911,
131.546923705,1339419,
131.597117101,1384822,
131.647337354,1363328,
131.697526209,1248404,
131.747727633,1172426,
131.797926993,1340355,
131.848126071,1383732,
131.89832987,999883,
131.948521425,1390334,
131.99872184,1343466,
132.048935041,1339162,
132.099149397,1319495,
132.149365924,1092486,
132.199560457,1294177,
132.249757892,1296483,
132.299951615,1378661,
132.350154782,482892,
132.400328343,1016747,
132.450521077,1118485,
132.500717754,1356180,
132.550919585,1366744,
132.601126284,1045063,
132.651331236,1345876,
132.701526241,1116766,
132.751722209,1350906,
132.801925553,1400588,
132.85212465,1339298,
132.902317289,1125961,
132.952515141,1322699,
133.002716684,1384960,
133.052923174,1378567,
133.103119629,1265289,
133.153329067,1111529,
133.203528593,1397067,
133.253731291,1341230,
133.303930951,1367411,
133.354150103,1130316,
133.404353985,1259304,
133.454558109,1376596,
133.504932056,1352337,
133.55512982,1130791,
133.605331168,1306184,
133.655532463,1415677,
133.705922669,1350986,
133.756116924,1099008,
133.806321077,1341699,
133.856524686,1398036,
133.906733834,464606,
133.956916296,706342,
134.007121681,1425454,
134.057324146,1390636,
134.107520646,1097443,
134.157722393,1318017,
134.20792512,1387976,
134.258500014,1366211,
134.308692622,1234984,
134.358921399,1124268,
134.409123197,1330515,
134.459333693,1380195,
134.509544559,1322692,
134.559750117,1302313,
134.609961707,1083015,
134.660166062,1328603,
134.710374038,1343946,
134.760587457,1057928,
134.810788325,1307623,
134.860991976,1396656,
134.911200227,1045112,
134.961391646,448783,
135.01155697,1141599,
135.061754558,1363927,
135.11195864,1299143,
135.162179316,1104348,
135.212381124,1342212,
135.262585329,1361145,
135.312786835,1263655,
135.363001224,1117462,
135.413208804,1379709,
135.463403747,70076,
135.513567038,1396626,
135.563773719,1062980,
135.613981992,1392863,
135.664185332,1379600,
135.714391535,1321437,
135.764600884,1079175,
135.814807536,1361684,
135.865022193,1330190,
135.915214109,1092933,
135.965415918,1354442,
136.015615807,1292104,
136.06582737,1279814,
136.116028201,1146568,
136.166233125,1379234,
136.216428432,1362611,
136.266645424,1221281,
136.316854203,1191429,
136.367058396,1363229,
136.41723232,1325790,
136.467419571,1102127,
136.517993764,1263503,
136.568183892,1090833,
136.6183892,1338630,
136.668591039,1347997,
136.718801229,1280931,
136.769011169,1100974,
136.819216133,1386195,
136.869428798,1056740,
136.919622747,1397062,
136.969924174,1339591,
137.020107777,51252,
137.070266746,1164633,
137.12046753,1425387,
137.170673428,1377230,
137.220877191,1305361,
137.271100457,1104225,
137.32129937,1310801,
137.371500053,1347555,
137.421706618,1293783,
137.471907695,1123546,
137.522109102,1382145,
137.572327224,1316637,
137.62252941,1056417,
137.672728627,1314588,
137.722933022,1374785,
137.773146728,1317297,
137.823343926,1098014,
137.873539864,1345837,
137.923744557,1390004,
137.973959108,1364048,
138.02416788,1029873,
138.074364811,1377954,
138.124571391,1296476,
138.174781909,1142960,
138.224986533,1364627,
138.275191156,1373378,
138.32540105,1267671,
138.375610623,1139114,
138.425814328,1361234,
138.476011126,1380403,
138.526215856,1073089,
138.57639625,360783,
138.626599558,1112604,
138.676798874,1381227,
138.727005485,1092742,
138.777199485,1323020,
138.827402183,1323022,
138.877599333,1375925,
138.927801096,1078145,
138.978006831,1348889,
139.02821247,1319629,
139.078418689,1361174,
139.128616026,1078383,
139.178817518,1339519,
139.229015635,1383137,
139.27922146,1223917,
139.329432593,1117206,
139.379634207,1373253,
139.429836326,1347903,
139.480034323,1290475,
139.53024761,1104209,
139.580449444,1361668,
139.631134871,1339391,
139.681323859,1159999,
139.731526185,1243694,
139.781731175,1374024,
139.831936673,1321161,
139.882149859,1079353,
139.932345261,1393385,
139.98255385,1335900,
140.032767004,1062212,
140.082960434,1211487,
140.133136336,263863,
140.183341472,1340107,
140.233561567,1186090,
140.283757876,1403922,
140.333957427,1255169,
140.384151622,1158618,
140.434354451,1330365,
140.484555205,1347770,
140.534751028,1081891,
140.58494802,1317619,
140.63515165,1349975,
140.6853503,1376842,
140.73554668,1090553,
140.785736682,1337605,
140.835934741,1368900,
140.886135227,1307631,
140.936335646,1074575,
140.986539038,1377662,
141.036740326,1346351,
141.086942008,1262612,
141.137154519,1148185,
141.187358928,1365651,
141.237558828,1363076,
141.287762716,1289909,
141.337982387,1096864,
141.388181588,1317249,
141.43839244,1384933,
141.488591156,1361879,
141.5388136,1088058,
141.589017118,1322402,
141.639218332,937370,
141.689381688,529071,
141.739573125,1384887,
141.789771745,1301721,
141.839981274,1064923,
141.890178429,1374727,
141.940377458,1038112,
141.990564233,1350032,
142.040765119,1386354,
142.090973666,1365305,
142.141178419,1066631,
142.191377313,1350139,
142.241575467,1380257,
142.291785324,1332248,
142.341977989,1063665,
142.392176443,1310118,
142.442374084,1368219,
142.492585019,1380916,
142.542797771,1226533,
142.593019564,1207648,
142.643221142,1310564,
142.693421697,1383903,
142.743622437,1339427,
142.793815516,1158931,
142.844014195,1237354,
142.89420817,1392364,
142.94440614,1039023,
142.9946052,1351524,
143.044807625,1371891,
143.095019436,1325760,
143.145223473,1343711,
143.195422459,653343,
143.245596685,729293,
143.295787455,1188822,
143.345976579,1361740,
143.396166822,1367472,
143.446375236,1285539,
143.496586807,1143436,
143.546786518,1329563,
143.596990535,1366775,
143.647216662,1263626,
143.697415428,1158107,
143.747611646,1365800,
143.797807671,1377410,
143.848008668,1289692,
143.898236677,1134366,
143.948438458,1377718,
143.998646846,1377160,
144.048853135,1246688,
144.099054504,1132576,
144.149215961,1346487,
144.199425599,1343180,
144.249632024,1240518,
144.299830295,1167266,
144.350029051,1357852,
144.400232756,1395679,
144.450438674,1337979,
144.500655031,1121021,
144.550863664,1306320,
144.60106186,1380377,
144.651266395,1365024,
144.701475102,1323584,
144.751666861,513052,
144.801833134,624756,
144.852029512,1431281,
144.902227994,1291889,
144.952827939,240828,
145.002986388,1167089,
145.053184588,1340905,
145.103392222,1365405,
145.153600866,1348372,
145.203801329,1066426,
145.253988671,1321396,
145.304178068,1260709,
145.354373832,1357636,
145.404574016,1011837,
145.454773527,1381626,
145.504971367,1356768,
145.555171182,1198434,
145.605374277,1191831,
145.655578193,1289123,
145.705778772,1337055,
145.75598934,1302390,
145.806198027,1101132,
145.856398866,1372047,
145.906594748,1366552,
145.956784105,1069289,
146.006985877,1325570,
146.057179915,1386189,
146.107394533,1283852,
146.157592776,1141663,
146.207787974,1384927,
146.2579897,1363265,
146.308182638,485900,
146.3583465,977593,
146.408533902,1066557,
146.458729415,1382958,
146.50892356,1366845,
146.559124631,1306398,
146.609312024,1133989,
146.659507243,1265863,
146.70971219,1350928,
146.759905134,1356588,
146.810122734,1292706,
146.860320834,1116938,
146.910520292,1392640,
146.960725018,1322462,
147.010943331,1125201,
147.061255008,1334074,
147.111441627,1375865,
147.161647805,1315732,
147.211852693,1123594,
147.262055628,1341720,
147.312258858,1326848,
147.362719759,1334619,
147.412920453,1222154,
147.46312866,1128843,
147.51333064,1368237,
147.563536584,1343184,
147.61373758,1100703,
147.663931303,1277829,
147.714138038,1377059,
147.764591556,1357386,
147.814779194,1285512,
147.865005268,172946,
147.915175872,1033429,
147.966673406,1404927,
148.016859745,1368988,
148.067068248,1043049,
148.11722398,1392939,
148.167411534,1262424,
148.217598408,1157447,
148.267792962,1338493,
148.317994903,1374005,
148.368193155,1333473,
148.418401451,1104769,
148.468591407,1299912,
148.518787817,1340353,
148.568989329,1340970,
148.619213984,1259686,
148.669417103,1137414,
148.719628792,1334903,
148.769830465,1361808,
148.820038051,1356898,
148.87024109,1090290,
148.920433838,1310092,
148.970636619,1382138,
149.020845294,1341529,
149.071050652,1045866,
149.121218946,1340205,
149.171414086,1372310,
149.221614314,1400561,
149.271804371,1099241,
149.322004585,1331216,
149.372203102,1375257,
149.42240047,32836,
149.472561111,1456037,
149.522753772,1139569,
149.572956911,1267313,
149.623159471,1402459,
149.673360603,1377725,
149.723564549,1334324,
149.773766264,1097845,
149.823959354,1358839,
149.874149201,1340781,
149.924332398,1047607,
149.974511798,536253,
150.024705875,1102577,
150.074900046,1342629,
150.125094665,1391289,
150.175305414,1365533,
150.225517642,1085733,
150.275703875,1377794,
150.325899172,1369410,
150.376095835,1117148,
150.426318807,1239330,
150.476520011,1402076,
150.526725881,1245014,
150.576929388,1177151,
150.627134718,1330168,
150.677320606,1402165,
150.727516295,1338554,
150.777706382,1083654,
150.827903669,1310220,
150.878094938,1356426,
150.928299384,1027360,
150.97847834,91597,
151.028640535,1375457,
151.078834499,1390493,
151.129036058,1130140,
151.179239706,1304359,
151.229442455,1352760,
151.279642695,1396244,
151.329850164,1268239,
151.380047911,1170764,
151.43024488,1361263,
151.480441979,1369663,
151.530647209,1000284,
151.580850548,1314517,
151.631076175,1134437,
151.681291702,1329378,
151.731503312,1349023,
151.78170317,1347148,
151.831895707,1091850,
151.882099432,1294719,
151.932298817,1386474,
151.982496805,1383013,
152.032718564,1243604,
152.082935471,1145393,
152.133133488,1354657,
152.183341223,1396482,
152.233550625,1310340,
152.283769161,1108988,
152.333974509,1319513,
152.384180678,1346094,
152.434381419,1362966,
152.484571625,979041,
152.53473312,95828,
152.584903714,1473145,
152.635108914,1321674,
152.685311168,1346621,
152.735508502,1098675,
152.785709517,1319929,
152.835906993,1330772,
152.886105773,1384090,
152.936313343,1331608,
152.986521507,1106277,
153.036720337,1334647,
153.086918854,1394114,
153.13713127,1344545,
153.187332196,1083751,
153.237532564,1320206,
153.287730277,1336518,
153.337932436,1363024,
153.388136385,1368339,
153.438347497,1072285,
153.488547209,1325443,
153.538755554,1348682,
153.588962159,1377201,
153.639168119,1341903,
153.689357133,1109356,
153.739555852,1283609,
153.789752273,1380228,
153.839948685,1332373,
153.890164377,1256248,
153.940367461,1143417,
153.990570854,1334267,
154.040765114,969892,
154.090929393,483080,
154.141123419,1359279,
154.191335936,1375869,
154.241544452,1250025,
154.291740484,1245962,
154.341942173,1139288,
154.392143502,1316076,
154.442341093,1337603,
154.492539736,1349316,
154.542765466,1318437,
154.592976897,1250496,
154.643204252,1270504,
154.693406091,1117745,
154.743599989,1326190,
154.793795647,1341684,
154.843989598,1345392,
154.894183537,1081753,
154.944352178,890388,
154.994522536,965065,
155.044719102,1082203,
155.094915696,1336467,
155.145119326,1336413,
155.195336473,1362640,
155.245563151,1304961,
155.295748119,1087824,
155.345952604,1289932,
155.396146582,1343402,
155.446348416,1330959,
155.496549769,1331165,
155.546745417,1271167,
155.596951185,655939,
155.647142491,616473,
155.697351758,1257644,
155.747549391,1299875,
155.797749769,1354901,
155.847953234,1318489,
155.898155319,1303746,
155.948382009,1103108,
155.998588787,1311447,
156.048787689,1348488,
156.098985845,1364356,
156.149194015,1145701,
156.199403907,1255029,
156.24961271,1289435,
156.299815766,1344518,
156.350017581,1329547,
156.400215167,1334306,
156.450456958,1305303,
156.500661619,1103300,
156.550867445,1235805,
156.601060385,1381059,
156.651274509,1301821,
156.701479646,1260395,
156.751691081,1129861,
156.801885109,1269754,
156.852079675,1340913,
156.902270044,1346622,
156.952449398,1063175,
157.00264071,1319122,
157.052839317,1339098,
157.103046827,1350498,
157.153213783,505147,
157.203387485,946907,
157.253597354,1180626,
157.303835716,1221565,
157.354044755,1312026,
157.404251065,1350543,
157.454462814,1309768,
157.504698971,1227570,
157.554922438,1102255,
157.605122855,1267713,
157.65532976,1310353,
157.705526548,1340829,
157.755713593,1280618,
157.805913255,1091968,
157.85611708,1278191,
157.906309162,1353163,
157.95652008,1318424,
158.006720524,1194450,
158.05692788,1135277,
158.107133199,1345409,
158.157331607,1315625,
158.207531977,1287926,
158.257748021,1089983,
158.307930802,1301026,
158.358126978,1312457,
158.408324826,1301555,
158.458539242,1301600,
158.508738789,1238246,
158.558958203,1114193,
158.609158992,1329518,
158.659363203,1324437,
158.709553809,506204,
158.75971707,977256,
158.809905284,1124993,
158.860109366,1289122,
158.910309684,1361048,
158.960513376,1352349,
159.010720428,1332884,
159.060933747,1097077,
159.111130889,1304217,
159.161336239,1333474,
159.211538678,1306388,
159.261747702,1311115,
159.311930282,1212545,
159.362162247,1162589,
159.412355156,1350746,
159.462559809,1340097,
159.512755688,1352976,
159.562961881,1288361,
159.61317034,1287109,
159.663390592,1143553,
159.713612878,1238274,
159.763812484,1310376,
159.814013349,1357568,
159.864210299,1332951,
159.91440073,1019774,
159.96457667,467986,
160.014735506,1301893,
160.064937271,1173758,
160.115140909,1346195,
160.165339409,1349445,
160.215547828,1326057,
160.265746345,243897,
160.315901307,918950,
160.366103082,1369846,
160.416302858,1319690,
160.466494266,1228552,
160.516700673,1175693,
160.566903776,1318855,
160.617111247,1334070,
160.667317238,1361632,
160.717560621,1326894,
160.767776532,1306293,
160.818005079,1218740,
160.868224268,1165542,
160.918433519,1337283,
160.968632805,1374466,
161.018842966,1326385,
161.069065759,1140672,
161.119264727,1239444,
161.169472637,1383089,
161.219675017,1327706,
161.269866427,1247395,
161.320073157,1150613,
161.37027592,1321003,
161.420476883,1347884,
161.470704467,1371071,
161.520900018,1310787,
161.571110635,1327794,
161.621322697,1223586,
161.671535536,1144127,
161.721732759,1315960,
161.771929828,1320299,
161.822123657,427612,
161.872288176,1086746,
161.922499947,1372765,
161.972699426,1083154,
162.022912156,1292629,
162.073126571,1364256,
162.123328233,1336564,
162.173534693,1348222,
162.223751098,1299295,
162.273970181,1068959,
162.324164099,1301381,
162.37437352,1337099,
162.424570326,1311949,
162.474789904,1333606,
162.52498347,1256106,
162.575199201,1129578,
162.625415348,1281289,
162.675610599,1326344,
162.725803189,1365475,
162.776005026,1300423,
162.826217798,1316075,
162.876426635,1104294,
162.926624501,1269330,
162.976827626,1324440,
163.027028055,1324112,
163.077224071,1358919,
163.127435777,1304259,
163.177635485,1086849,
163.22783177,1285318,
163.27803518,1277397,
163.328237304,1272293,
163.378429428,272663,
163.428591837,1241741,
163.478791999,1329466,
163.528996579,1353075,
163.57919721,1216946,
163.629410933,1145003,
163.679607384,1351664,
163.729814138,1320520,
163.780020798,1305718,
163.830238357,1160869,
163.880446509,1238301,
163.930647654,1363894,
163.980858371,1330331,
164.031072875,1243887,
164.081281079,1134200,
164.131476714,1302458,
164.181674347,1352722,
164.231885117,1319044,
164.282088673,1335205,
164.332296912,1251841,
164.382511871,1127405,
164.432712542,1298874,
164.482911441,1340488,
164.533122388,1325992,
164.583331887,1316410,
164.633527674,1248919,
164.683728033,1106898,
164.733917864,1293292,
164.78411676,1340008,
164.834316375,1334764,
164.884531537,989369,
164.934704382,13070,
164.984850982,1093218,
165.0350503,1282059,
165.08522118,1157275,
165.135411104,1343742,
165.185613204,1345436,
165.235824806,1334705,
165.286023684,1248753,
165.336228835,1132087,
165.386429516,1252359,
165.436632436,1310393,
165.486860176,1353365,
165.537060496,1322455,
165.587270888,1307290,
165.637483206,1221017,
165.687687466,1154482,
165.737885641,1301390,
165.788087484,1304036,
165.838292635,1326834,
165.888481964,1372167,
165.938670809,1207046,
165.988904555,1178655,
166.039104928,1315320,
166.089295878,1364729,
166.139485898,1055107,
166.189689576,1348504,
166.239881213,1333178,
166.2900896,1351831,
166.340289361,1251084,
166.390498737,1110728,
166.440688964,1321213,
166.490864942,115494,
166.54104742,1124707,
166.591255225,1337913,
166.641458457,1338226,
166.691654066,1369619,
166.741864475,1320806,
166.792068267,1079689,
166.842265121,1280736,
166.892458388,1367924,
166.942657442,1361633,
166.992855897,1313408,
167.043089186,1091242,
167.093284582,1289365,
167.143481408,1326672,
167.19368031,1340982,
167.243883693,1291878,
167.294095215,1308461,
167.344310809,1292189,
167.394546823,1108676,
167.444747838,1296143,
167.494950712,1355649,
167.545147992,1338970,
167.595360576,1325250,
167.645570696,1218733,
167.695778095,1120312,
167.745976674,1297241,
167.796176533,1348523,
167.846383697,1318875,
167.896583173,1341753,
167.946795492,1084448,
167.996987275,1208146,
168.047144189,157291,
168.097322497,1466290,
168.147519729,1364946,
168.197733701,1331504,
168.247935412,1130011,
168.298139772,1236718,
168.348334233,1340764,
168.398533782,1358542,
168.448720371,1035801,
168.498929498,1337576,
168.549150779,1315547,
168.599366606,1222239,
168.649588867,1168207,
168.699785338,1332190,
168.749987646,1366991,
168.800188113,1317869,
168.850401269,1315217,
168.900605966,1234419,
168.950809117,1135274,
169.001005981,1349187,
169.051220835,1330690,
169.101414432,1257779,
169.151636725,1141289,
169.201836055,1370073,
169.252046196,1342649,
169.302260579,1348363,
169.352460564,935994,
169.40263411,1370539,
169.452848455,1252096,
169.503057307,1145529,
169.553216173,872208,
169.60338058,543223,
169.653577842,1374727,
169.703786088,1370192,
169.753987836,1325176,
169.804184091,1139060,
169.854386223,1226448,
169.904591369,1366404,
169.954786656,489676,
170.004950216,1112209,
170.055152191,1358967,
170.105350364,1367444,
170.155535972,1291867,
170.205750053,1105818,
170.255947583,1353731,
170.306152142,1332520,
170.356373386,1220440,
170.406595817,1142609,
170.456787042,1293876,
170.506986343,1360527,
170.557192884,1288322,
170.607413941,1331740,
170.657615105,1299568,
170.707836917,1093034,
170.758046507,1298818,
170.808244302,1344163,
170.858445177,1343142,
170.908644133,1327307,
170.95884827,1313543,
171.009068422,1250641,
171.05928513,1113921,
171.109468956,884331,
171.159632755,588271,
171.209827728,1387578,
171.260018369,1127157,
171.310218267,1284524,
171.360409825,1376550,
171.410615631,1295073,
171.460832702,1092782,
171.511031901,1296143,
171.561219565,1343121,
171.611413669,1321010,
171.661618026,1346352,
171.711815422,1311844,
171.76201198,1202746,
171.812233462,1165245,
171.86244155,1332737,
171.912638393,1330298,
171.962841649,1372081,
172.013052921,1313475,
172.063247936,1108658,
172.113449906,1281958,
172.163648844,1314546,
172.21385273,1336162,
172.264052377,1339248,
172.31426801,1312658,
172.364452301,1220281,
172.41467648,1151243,
172.464855376,1378581,
172.515055711,1303965,
172.565289085,1087475,
172.615488611,1272646,
172.665690375,840882,
172.715854203,593685,
172.766047042,1407068,
172.816251803,1330138,
172.866458384,1243185,
172.91665793,1151467,
172.966861983,1290267,
173.017057714,1317365,
173.067257835,1332560,
173.117459579,1325738,
173.167664521,1321543,
173.217872097,1264837,
173.268096233,1120667,
173.318300107,1286734,
173.368502877,1334088,
173.418711501,1293689,
173.468912503,1331444,
173.519116447,1283304,
173.56932081,1016393,
173.619511373,1338549,
173.669704716,1358436,
173.719899914,1323616,
173.770106649,1296665,
173.820321951,1136591,
173.870524191,1271867,
173.920721015,1327593,
173.970919534,1374904,
174.021126579,1317742,
174.071323137,1158632,
174.121569136,1185785,
174.171763737,1317611,
174.221961786,487986,
174.272123791,1017352,
174.322329858,1361205,
174.372537025,1316741,
174.422761232,1286676,
174.472975927,1117454,
174.52317866,1293917,
174.573378975,1347531,
174.62357469,1346021,
174.673774627,1068310,
174.723962456,1327263,
174.774157992,1365779,
174.824354383,1291668,
174.874560232,1361783,
174.924741473,972274,
174.974899385,622202,
175.025088849,1341605,
175.075306235,1115815,
175.125502392,1320106,
175.175694163,1341766,
175.225873802,1358570,
175.276074518,1348139,
175.326283972,1265109,
175.376480168,1115224,
175.4266753,1324403,
175.476875865,1360696,
175.527083899,1302331,
175.577281247,1358227,
175.627491469,1318288,
175.677688975,1702845,
175.727886365,2244570,
175.778098547,2348926,
175.828305446,2343865,
175.878546924,2030295,
175.928749392,2263538,
175.978954564,2320650,
176.029165937,2286427,
176.079368782,2025796,
176.129569618,2236147,
176.179772845,2314791,
176.229986555,2242993,
176.280190168,2023671,
176.330388469,2252102,
176.380590786,2290675,
176.430812197,2209181,
176.481056727,2070043,
176.531402872,2247792,
176.581614125,2286769,
176.631823397,2244065,
176.682031723,1995554,
176.732224792,2275920,
176.782419351,2276921,
176.832621559,2285272,
176.882830721,2012227,
176.933033939,2242017,
176.983243232,2303890,
177.033463965,2230324,
177.083672199,2014814,
177.133873872,2260490,
177.184087876,1828548,
177.234283771,2035041,
177.284483191,2208756,
177.334681809,2299997,
177.384891681,2345691,
177.435114342,2027892,
177.485324933,2286278,
177.535540786,2269774,
177.585761783,2199638,
177.635984118,2074863,
177.686190925,2242112,
177.736396236,2308951,
177.786599953,2108498,
177.836823252,2165688,
177.887039289,2260614,
177.937229587,2273235,
177.987452291,2204652,
178.03768355,1771213,
178.087905209,2117267,
178.138104186,2279931,
178.188313293,2221359,
178.238543276,2051983,
178.288749215,2276529,
178.338954771,2256829,
178.38916965,2227444,
178.439409491,2011764,
178.489610355,2241029,
178.539817453,2261598,
178.590040313,2222857,
178.640245882,2042092,
178.690453583,2270040,
178.74065749,2306791,
178.790869202,2258008,
178.841102025,2054603,
178.891338365,2224942,
178.941536254,2324072,
178.991746281,2327681,
179.041990211,2026537,
179.092188894,2257274,
179.14238912,2280733,
179.19260042,2236072,
179.242828928,2069007,
179.293035213,2282380,
179.343249005,2268954,
179.393449057,2059360,
179.443674905,2185844,
179.493878787,2284911,
179.54409093,2260162,
179.594302997,2065261,
179.644512957,2206970,
179.69471823,2298799,
179.744937762,2305042,
179.795147429,2016510,
179.845352742,2224598,
179.89555296,2390730,
179.945762287,2300242,
179.995970076,2094283,
180.046176283,2248157,
180.096379034,2301784,
180.146590352,2227851,
180.196795211,2072612,
180.247020086,2200385,
180.29722982,2256503,
180.347430476,2288959,
180.397660764,2022021,
180.447857349,2261650,
180.498069565,2331830,
180.548268899,2350317,
180.598484882,2029082,
180.648684293,2248907,
180.698888052,2277060,
180.749106247,2294508,
180.799338892,2040149,
180.849536841,2276183,
180.899731494,2284494,
180.949956721,2202505,
181.000162276,2121391,
181.050371083,2248593,
181.100580966,2275698,
181.15078426,2200734,
181.200999831,2079217,
181.251214177,2257287,
181.301425031,2243931,
181.351658593,2234176,
181.401870008,2041215,
181.452068497,2218409,
181.502274868,2277044,
181.552510622,2219086,
181.602741102,2069194,
181.652952085,2236479,
181.703155742,2275621,
181.75338192,2231975,
181.803592423,2029468,
181.85379217,2270248,
181.903994886,2302696,
181.954210919,2025930,
182.004425268,2230620,
182.054632963,872936,
182.104807615,1050194,
182.155014043,1394400,
182.20521281,1093212,
182.255412644,1298479,
182.305626193,1346558,
182.355831343,1339006,
182.40603865,1330071,
182.456222649,1262850,
182.506437438,1122003,
182.556634849,1299328,
182.606834656,1352596,
182.657048438,1342962,
182.707260054,1296542,
182.757451317,1069323,
182.807640119,1318551,
182.857837327,1333220,
182.908037869,1338825,
182.958253843,1138005,
183.008464993,1236267,
183.058670368,1283752,
183.10886963,1364894,
183.15907907,1329031,
183.20928979,1267894,
183.259489278,1137295,
183.309696653,1291248,
183.359892872,1335432,
183.410108627,1360958,
183.460306222,1322225,
183.510514059,1317205,
183.560721749,1093970,
183.610926581,389609,
183.661091371,1032073,
183.711295975,1386480,
183.761508508,1326475,
183.811711127,1160104,
183.861951884,1199719,
183.912155487,1370740,
183.962356386,1093723,
184.012557394,1302892,
184.062755591,1351648,
184.112953458,1358510,
184.163186979,1306891,
184.213404182,1047826,
184.263608219,1313463,
184.31380268,1335974,
184.364010416,1346752,
184.414213582,1287332,
184.464417091,1094385,
184.514612482,1264930,
184.564819409,1341894,
184.615030835,1332442,
184.665222295,1285588,
184.71541882,1292343,
184.765621169,1102824,
184.815831031,1277656,
184.866032935,1344459,
184.916230245,1338448,
184.966428561,1707267,
185.016632567,2285943,
185.066826436,2179410,
185.117027297,1938815,
185.167227501,2086828,
185.21742725,2127362,
185.267632709,1961015,
185.317841562,2181596,
185.368035564,2141462,
185.418237086,1972451,
185.468440989,2064502,
185.518642285,2161573,
185.568846092,2116898,
185.619055127,1905281,
185.669222164,2132445,
185.719412969,2177350,
185.769602859,1897319,
185.819799834,2113522,
185.869996304,2173464,
185.92022313,2047872,
185.970426689,1994708,
186.020624732,2212868,
186.070838281,2135109,
186.121062239,1938933,
186.171420424,1623102,
186.221623491,1365632,
186.271821214,1326571,
186.322014957,1224866,
186.372236809,1146418,
186.422440518,1326844,
186.47264075,1350208,
186.522846674,1050595,
186.57304483,1278065,
186.623251329,1273647,
186.673463993,1310509,
186.723652076,468921,
186.773822934,1043955,
186.824029396,1345953,
186.874237781,1098933,
186.924443682,1319823,
186.974647744,1352321,
187.024849688,1335956,
187.075057341,1086367,
187.125220092,1317962,
187.175412796,1375468,
187.225621207,1326053,
187.275818144,1152023,
187.326037683,1240797,
187.376227571,1347074,
187.426431529,1317275,
187.476631468,1324910,
187.52685544,1305649,
187.577057105,1236209,
187.627266877,1109800,
187.677473136,1323746,
187.727672504,1364983,
187.777880249,1338201,
187.828078906,1352436,
187.878292956,1237396,
187.928523568,1126497,
187.978724485,1379340,
188.028920821,1341607,
188.079135949,1347556,
188.129324064,1268054,
188.179517046,1126387,
188.229709811,1356405,
188.279896018,454515,
188.330067228,1049951,
188.380290811,1269796,
188.430501344,1127758,
188.480705296,1316413,
188.530906127,1379047,
188.581115799,1128807,
188.631333948,1300736,
188.681534115,1355428,
188.731733701,1299933,
188.781928118,1333253,
188.832127562,1361392,
188.882354725,1328287,
188.932552778,1089624,
188.98275146,1312618,
189.032954192,1331260,
189.083151909,1337074,
189.133352261,1356721,
189.183549171,1314182,
189.233750382,1263416,
189.283949853,1093205,
189.334143611,1343810,
189.384343373,1345502,
189.434550052,1345281,
189.484758145,1266813,
189.534980709,1134906,
189.585189613,1315102,
189.635400469,1350291,
189.685599736,1334193,
189.735801219,1324158,
189.78601566,1317204,
189.836206457,52067,
189.886367505,1200906,
189.936558219,1274126,
189.986746163,552738,
190.036944516,1107326,
190.087151528,1312423,
190.137355827,1380754,
190.187556505,1337551,
190.237777275,1267279,
190.287977638,1153039,
190.338182213,1330213,
190.388380797,1363733,
190.438592546,1033757,
190.488789151,1299970,
190.538988134,1362047,
190.589187626,1328695,
190.639402074,1301955,
190.689594924,1284164,
190.73980825,1101429,
190.790007455,1307165,
190.840214564,1350231,
190.890418026,1343810,
190.940618597,1339163,
190.990817764,1258841,
191.041020715,1158309,
191.091226523,1332509,
191.14142038,1359000,
191.191613029,1116739,
191.241815831,1309777,
191.29201401,1324821,
191.342206388,1346687,
191.392381166,43529,
191.442556716,1486109,
191.492767539,1079563,
191.542964534,1337253,
191.59316229,1360399,
191.643363489,1336779,
191.693565656,1283254,
191.743777667,1092386,
191.793976028,1303313,
191.844179297,1289606,
191.894387442,1321687,
191.944595944,1338656,
191.994801868,1338608,
192.044995996,1285705,
192.095205589,1087196,
192.145410975,1295829,
192.195604931,1354414,
192.245821859,1347430,
192.296016553,1333265,
192.346206669,1295642,
192.396410764,1098567,
192.446610833,1303721,
192.496815327,1354455,
192.54701565,1340550,
192.597237472,1303749,
192.647428034,1063161,
192.697618781,1339648,
192.747810389,1342755,
192.798020893,1332191,
192.848240837,1261852,
192.898446923,1051477,
192.948605477,148790,
192.998781288,1433326,
193.04898726,1374385,
193.09919783,1318461,
193.149392438,1285980,
193.199609847,1115285,
193.249810109,1318005,
193.300007692,1345399,
193.3502077,1334283,
193.400407103,1328935,
193.450603138,1267127,
193.500817572,1107657,
193.551016349,1293744,
193.601218403,1360831,
193.651422948,1328581,
193.701623306,1345856,
193.751817169,1059722,
193.802012526,1348001,
193.852205392,1337633,
193.902406876,1245021,
193.952613139,1130570,
194.002814028,1354014,
194.05302067,1324075,
194.103226016,1356114,
194.153451883,1324289,
194.203656974,1085026,
194.253861717,1290282,
194.304055547,1310868,
194.354254338,1320899,
194.404458351,1334491,
194.45466096,930995,
194.504828621,532533,
194.555031492,1382473,
194.605220935,1157509,
194.655420143,1306739,
194.705617931,1299168,
194.755820609,1350758,
194.80602047,1336289,
194.856214164,1357431,
194.906409566,1058591,
194.956604414,534411,
195.00680523,1295232,
195.057009975,1149441,
195.107212425,1348031,
195.157428291,1370426,
195.207628029,1297591,
195.257849042,1267866,
195.308052271,1144133,
195.358255757,1305110,
195.408460557,1336444,
195.458665227,1361446,
195.508872192,1329814,
195.55908504,1341222,
195.609286422,1287306,
195.659480268,1114272,
195.709683819,1278312,
195.759882556,1303839,
195.810100506,1328239,
195.860304976,1325853,
195.910512752,1326219,
195.960712144,1296343,
196.010907827,574446,
196.061069819,573269,
196.111266132,1428854,
196.161470072,1341751,
196.211657158,1159628,
196.261894484,1258240,
196.312099808,1295102,
196.362302801,1305945,
196.412506116,1355693,
196.462711106,1311542,
196.512932601,1314669,
196.56314129,970427,
196.613346686,1348833,
196.663545498,1329335,
196.713746883,1356839,
196.763953019,1326300,
196.814153856,1322800,
196.864373606,1252019,
196.914585271,1187556,
196.964791463,1285066,
197.014999376,1287999,
197.065210688,1372438,
197.115405926,1275225,
197.165610984,1123981,
197.215816099,1333992,
197.26601596,1356366,
197.316222876,1308931,
197.366435812,1353510,
197.416637452,1325759,
197.466853297,1260042,
197.517078928,1170284,
197.567279051,820786,
197.617444752,624176,
197.667637485,1416696,
197.717839253,1359905,
197.768043263,1349083,
197.81824655,1303081,
197.868476755,1275346,
197.918683634,1150775,
197.968884211,1318433,
198.019088446,1335775,
198.069283258,1331792,
198.119476418,1340975,
198.169678787,1225639,
198.219872744,1189996,
198.270063714,1385895,
198.320264168,1344592,
198.370482045,1342801,
198.420687515,1277567,
198.470892276,1142361,
198.521094154,1301083,
198.571298941,1359814,
198.621498828,1335831,
198.67168826,1320462,
198.721897585,1335140,
198.772095441,1347478,
198.822296102,1286415,
198.87252919,1248785,
198.922732648,1195608,
198.972927906,1331276,
199.023132181,1292873,
199.073334807,1351531,
199.123525843,462787,
199.173691419,1013043,
199.223891474,1309373,
199.274096663,1120382,
199.32429889,1371116,
199.374511607,1290409,
199.4247172,1145776,
199.474922577,1314704,
199.525128694,1329850,
199.575336415,1355474,
199.62554786,1328997,
199.675748414,1300999,
199.725945044,1305818,
199.776142544,1249881,
199.826358616,1129019,
199.876556853,1315925,
199.926755202,1354986,
199.976956358,525820,
